"POWPUMA","IndexYear","AltCWI","AltCWIHigh","AltCWILow"
"100",2005,0.803130590769228,0.907789276844268,0.710537965453389
"200",2005,0.893547621975108,0.978267733126311,0.816164456519266
"300",2005,0.838138159386401,0.966220101404655,0.727034733802776
"400",2005,0.731173694606082,0.845689299211548,0.632164758596733
"500",2005,0.821750016096742,0.88780223023992,0.760612066464971
"600",2005,0.801228374823446,0.914551533716291,0.701947222168641
"700",2005,0.821195102818411,0.926408099596893,0.727931240223801
"800",2005,0.872103064356822,0.981356103503161,0.77501301733954
"900",2005,0.959068653617842,1.09628928324559,0.839023692386387
"1000",2005,0.830370465311895,0.947985538978306,0.727347708706
"1100",2005,0.853387058691412,0.998179829040297,0.729597464058331
"1200",2005,0.933154326748332,1.09117008742929,0.798021323678887
"1300",2005,0.910034220855195,1.00067339138838,0.827604981060293
"1400",2005,0.895814656572885,0.979546178103089,0.819240498171125
"1500",2005,0.807291487765335,0.960124178521265,0.678786724465281
"1600",2005,0.720430931674213,0.868989456135113,0.597269303613133
"1700",2005,0.848904605614643,0.970937041675031,0.742209843174309
"1800",2005,0.790044994099196,0.960862633867638,0.649594510912348
"1900",2005,0.844870757851315,1.0009836711359,0.713105136532586
"2000",2005,0.923712940258826,1.05168472830655,0.811313098912751
"2100",2005,1.08972997134635,1.13780346653077,1.04368763620603
"2200",2005,1.04775455324351,1.11373403355249,0.985683808494982
"2300",2005,1.06729648406493,1.10199501394141,1.033690507204
"2400",2005,0.98467738585732,1.16130134040742,0.834916417024578
"2500",2005,1.00121688395432,1.0391367453877,0.964680782548203
"2600",2005,0.985623498274754,1.16130493949204,0.836519028995333
"2700",2005,0.887048756843105,1.00414797066438,0.783605125942031
"2800",2005,0.72595219453627,0.855830629569653,0.615783743352382
"2900",2005,0.87277007095715,0.977635741621311,0.779152770637558
"3000",2005,0.710376250796869,0.806093267039582,0.626024851379185
"3100",2005,0.836940848065959,0.997657485352816,0.702114697123381
"3200",2005,0.982290682237773,1.092649496184,0.883078231199465
"3300",2005,0.816118166052119,0.975141907168662,0.683027625070648
"3400",2005,0.948393765384955,1.13730776115862,0.790859576395355
"3500",2005,0.934076568011347,1.00408027543051,0.868953465432594
"3600",2005,0.906467296342128,1.04219736225279,0.788413969463206
"3700",2005,0.859224733190233,0.940764866422496,0.784752033665202
"3800",2005,0.930672195970742,1.01275389557793,0.855243055726517
"3900",2005,0.781350625307729,0.913052240189593,0.668646078281356
"4000",2005,0.846176675040188,0.936208068570766,0.764803241308474
"4100",2005,0.786316869804852,0.972704425558358,0.635644501550184
"4200",2005,0.851075531510956,1.07230867718843,0.675486057089301
"4300",2005,1.082588697431,1.21028445915879,0.968365972921729
"4400",2005,1.05593126876849,1.2045325937723,0.925662659630618
"4500",2005,1.02249331306135,1.0952098474848,0.954604798026787
"4625",2005,1.00581589077983,1.15893682018319,0.872925588804149
"4690",2005,1.07994420264639,1.11473910427655,1.04623537144725
"4700",2005,1.12440122189176,1.20578669121314,1.04850892533877
"4800",2005,1.10036579548866,1.21198157499656,0.999029117983772
"4900",2005,0.944536650552048,1.05106956765707,0.848801555756926
"5000",2005,0.906390940381295,1.11300419238342,0.738132472840026
"5100",2005,0.927155609771518,1.08197237103511,0.794491197504805
"5200",2005,1.10328114809252,1.17499452770363,1.0359446474319
"5400",2005,0.972136780166624,1.04623461628834,0.903286800722981
"5500",2005,0.915972911026869,1.02567148183166,0.818006923851214
"5600",2005,0.973143759505668,1.01375377162836,0.934160545852941
"5700",2005,0.729363691983566,0.887924033632157,0.59911813965414
"5800",2005,0.799893569804775,0.918283674400267,0.696766958677448
"5900",2005,0.712534188598245,0.869863146540473,0.583660742428909
"6000",2005,0.986276393210086,1.13621004091536,0.85612790661472
"6100",2005,0.848820912605503,1.08275970211715,0.665426447131002
"6200",2005,0.880933510291306,0.995518341869189,0.779537469994836
"6300",2005,0.923740814800559,1.0043200440514,0.849626668294123
"6400",2005,0.739521730202094,0.968084422830071,0.564922207757799
"6500",2005,0.969291687614106,1.34551639578996,0.698264531459832
"6600",2005,0.862649485894812,0.986299513688103,0.754501168445177
"6700",2005,0.754509367603586,0.857457421788012,0.663921462845891
"6800",2005,1.09191815711878,1.30904965328211,0.910802167707176
"6900",2005,1.04164005467083,1.19633833588546,0.906945778588274
"100",2006,0.902012937230127,1.01517052583449,0.80146863824844
"200",2006,0.934326392873575,1.03750225460279,0.841410998913309
"300",2006,0.805613236285609,0.944755855983631,0.686963390984069
"400",2006,0.84757323638493,0.99023361863692,0.725465564403774
"500",2006,0.858798267259755,0.922770157674971,0.799261287021531
"600",2006,0.866393735826603,1.0040234776473,0.747630032754339
"700",2006,0.859007447488641,0.969175238729172,0.761362615710768
"800",2006,0.88703687159195,0.987322412334773,0.796937658594181
"900",2006,0.963271281015989,1.09389646590371,0.848244408636625
"1000",2006,0.90887545973515,1.03077407909462,0.801392485571958
"1100",2006,0.965456582764912,1.11137633559735,0.838695573541348
"1200",2006,0.85678772512002,1.02029763076028,0.719481437361892
"1300",2006,0.853600183567713,0.935060363890269,0.779236615650559
"1400",2006,0.956489458170911,1.0413247325575,0.878565595330815
"1500",2006,0.945048355013915,1.12131694249804,0.796488806567788
"1600",2006,0.889397921679763,1.05921067329314,0.746809565871283
"1700",2006,1.00841696513347,1.15064815647039,0.883766918541246
"1800",2006,0.873502142218413,1.05527832557572,0.723037680172089
"1900",2006,0.774079553586388,0.909260521499796,0.658996119497349
"2000",2006,1.01093238323109,1.1509574429196,0.88794272086451
"2100",2006,1.0739797727187,1.11815127669076,1.03155322204932
"2200",2006,1.07875616080598,1.14201884391151,1.01899794445687
"2300",2006,1.06182899357633,1.0950517195398,1.02961421043487
"2400",2006,1.05567886229119,1.22691222190796,0.908343596541362
"2500",2006,0.99624112369608,1.03262279290708,0.961141264129099
"2600",2006,0.945678445202382,1.12084847989052,0.797884582765147
"2700",2006,0.872743702254962,0.98408029532113,0.774003476593485
"2800",2006,0.858393703510555,1.0185157464549,0.723444632830912
"2900",2006,0.824163773210696,0.916334035839405,0.741264537282707
"3000",2006,0.87814028570527,0.985469757888704,0.782500279897602
"3100",2006,0.88123478400164,1.04162457081436,0.74554188360522
"3200",2006,0.932537040676426,1.03577776894759,0.839586790047773
"3300",2006,1.07764882613648,1.25653185588608,0.924232033619538
"3400",2006,0.754863328366656,0.929653726188389,0.612936439085832
"3500",2006,0.866489695421865,0.923970120068188,0.81258514313955
"3600",2006,0.782566760423911,0.886065982819499,0.691157031637371
"3700",2006,0.847688870307303,0.928787691254673,0.773671343417748
"3800",2006,0.883004079833181,0.960761358502573,0.811539929350682
"3900",2006,0.827411663563535,0.951021674952191,0.719867989376155
"4000",2006,0.834861118027679,0.926881243151676,0.751976686921013
"4100",2006,0.827892760770964,0.983899696320176,0.696622253163017
"4200",2006,1.08959510774497,1.31116933501506,0.905464662051554
"4300",2006,0.945515567065093,1.04360756591822,0.856643547592371
"4400",2006,1.04506334705417,1.20213689941825,0.908513331455496
"4500",2006,1.06205084315593,1.14186011415275,0.987819768348035
"4625",2006,1.12520612726035,1.33455724089631,0.948695784658817
"4690",2006,1.07457824570795,1.10786749276381,1.04228927528878
"4700",2006,1.06588484254672,1.13910203273537,0.997373777696332
"4800",2006,1.11136559014658,1.23329041028575,1.00149442877423
"4900",2006,1.01503681098348,1.12193746995728,0.918321880889444
"5000",2006,0.850253795174475,0.988796860647499,0.731122382139439
"5100",2006,0.886673787595402,1.01889621374821,0.771609900007991
"5200",2006,1.04180402892178,1.10695502011214,0.980487567207292
"5400",2006,1.00478099586565,1.08192912434803,0.933133998274749
"5500",2006,0.954502872162254,1.06551815904451,0.855054158610483
"5600",2006,0.951797023964041,0.989236500804807,0.915774513061116
"5700",2006,0.777118798234735,0.95433946722863,0.632807975890951
"5800",2006,0.842515859235056,0.956405743975283,0.742188111619005
"5900",2006,0.892467067042095,1.05307862951413,0.756351371523138
"6000",2006,0.934731144892082,1.07520019287836,0.812613612812202
"6100",2006,0.780068008264041,0.968228103441259,0.628473905430225
"6200",2006,0.932566157986858,1.07189025433526,0.811351381827525
"6300",2006,0.898293313822592,0.976247749776061,0.826563623673881
"6400",2006,1.12998324660874,1.42146046925368,0.898274813288913
"6500",2006,0.940180705738142,1.14167264294803,0.774249750926642
"6600",2006,0.994199955895061,1.12381600879675,0.879533255056615
"6700",2006,0.909542401743804,1.02114598029357,0.810136255280615
"6800",2006,0.762956635341909,0.899980137993485,0.64679519340288
"6900",2006,0.904053986306776,1.04417631047214,0.782735254535328
"100",2007,0.919941765134469,1.03195744409637,0.820085029746332
"200",2007,0.919488542859376,1.00333755044989,0.842646804229106
"300",2007,1.03593209659959,1.197253845477,0.896347347573281
"400",2007,0.932978627574154,1.07901427975166,0.806707692237856
"500",2007,0.865165637241386,0.931722300490094,0.803363383563503
"600",2007,0.85287206837255,0.977111698657544,0.744429491540666
"700",2007,0.864293715589073,0.964752248936451,0.774295812868295
"800",2007,0.850592769366605,0.947568403459618,0.763541773509108
"900",2007,0.912423624135374,1.03832086422362,0.801791525688764
"1000",2007,0.918455775889966,1.03776225981589,0.812865378642015
"1100",2007,0.866077413379724,1.00153969960439,0.748936948043899
"1200",2007,0.77002714752878,0.902495110636389,0.657002792528372
"1300",2007,0.900439223309276,0.993109420755042,0.81641637661375
"1400",2007,0.870851823353616,0.948895128758399,0.799227306847531
"1500",2007,0.771023085909393,0.925949490975274,0.642018387395083
"1600",2007,0.805586461647974,1.06942808021545,0.606837953104577
"1700",2007,0.875270771349007,1.00026331342037,0.765897252152767
"1800",2007,0.946519751136405,1.12653715390715,0.795268612476821
"1900",2007,0.795946736954958,0.921204430977345,0.687720539291268
"2000",2007,0.900150293570961,1.03129442736417,0.785683049880157
"2100",2007,1.04934062096551,1.09161492875606,1.00870344459567
"2200",2007,0.982800984293572,1.03947104767515,0.929220469284561
"2300",2007,1.04350383058849,1.07545602026586,1.01250095209256
"2400",2007,0.864494033766591,1.00012280039307,0.74725817082093
"2500",2007,0.982103399305043,1.0167920751177,0.948598155443798
"2600",2007,0.900306422253106,1.07525429327871,0.753823220252973
"2700",2007,0.834500086359108,0.942149349124653,0.739150745877363
"2800",2007,0.870952371308869,1.02111881201605,0.742869511522247
"2900",2007,0.808012895344612,0.911682538948784,0.716131779595112
"3000",2007,0.874590792269563,1.00480163848638,0.761253788434253
"3100",2007,0.895702997165276,1.05418669809184,0.76104532582611
"3200",2007,1.05599810772958,1.17015616294198,0.952977080191437
"3300",2007,0.881432419130579,1.03057563307397,0.753872966292638
"3400",2007,0.842366025397158,0.989447696787067,0.717148084782605
"3500",2007,0.88940482273377,0.95175293518058,0.831141055059633
"3600",2007,0.837434095500796,0.93580712395837,0.749402143190388
"3700",2007,0.858357165567089,0.933207112389652,0.789510724788318
"3800",2007,0.87079076864355,0.94145881900688,0.805427223630142
"3900",2007,0.910475910281985,1.04378969734213,0.794189083600522
"4000",2007,0.837537710320018,0.930659422238734,0.753733749904652
"4100",2007,0.880673484619986,1.04200042450889,0.744323868081198
"4200",2007,1.05758533673581,1.27282927842459,0.878740584804088
"4300",2007,0.903014684711037,1.00334057265259,0.812720568697781
"4400",2007,1.00458253373611,1.14296185497883,0.882956909446779
"4500",2007,1.06826288091402,1.1416178452096,0.999621359746007
"4625",2007,0.972007844817434,1.11028605134212,0.850951202390193
"4690",2007,1.07780261085597,1.11020849128639,1.04634262580891
"4700",2007,1.00658600171973,1.07496438836748,0.942557158006741
"4800",2007,1.10004170536767,1.21244122134833,0.998062200658678
"4900",2007,0.978036078405917,1.08163761440264,0.884357716416788
"5000",2007,0.849877260701094,0.979126828782044,0.73768927275261
"5100",2007,0.937825797066043,1.08754418203729,0.808718615914036
"5200",2007,1.0738841714561,1.14203400353426,1.00980111812351
"5400",2007,0.937653949249147,1.00498460191567,0.874834228172882
"5500",2007,0.944376018765511,1.04734469426509,0.851530608502481
"5600",2007,0.951098287886288,0.987358121215169,0.916170064117087
"5700",2007,0.909304497855959,1.08432891877561,0.762531235222164
"5800",2007,0.846016410192843,0.946936015347383,0.75585230122757
"5900",2007,0.791021922292577,0.959771732727783,0.651942186054059
"6000",2007,0.744304405088092,0.856149391587351,0.647070538012543
"6100",2007,0.8600730286975,1.06848314350187,0.692313790059895
"6200",2007,0.912364038039355,1.0333786212141,0.80552095893903
"6300",2007,0.913418816506303,0.985712997962418,0.846426836282406
"6400",2007,0.879533825860144,1.02422237794929,0.755284953235496
"6500",2007,0.728696789874661,0.933369819209305,0.568905272749729
"6600",2007,0.92454394689113,1.03468141364935,0.826130148330574
"6700",2007,0.970174668062158,1.07835778089819,0.872844711859489
"6800",2007,0.791516846899804,0.897914846225537,0.697726428691707
"6900",2007,0.83372264230779,0.952645066993173,0.729645770896187
"100",2008,0.786431394171911,0.883987735620749,0.699641310413515
"200",2008,0.90509923263146,0.994693315110901,0.823575074311947
"300",2008,1.06816019459217,1.24433525631097,0.916928292053501
"400",2008,0.802310036961346,0.936030964298714,0.687692416127691
"500",2008,0.929892811719558,0.997812266700518,0.866596523359073
"600",2008,0.820808095528818,0.931028969506389,0.723635839218666
"700",2008,0.810857099324833,0.901519956068236,0.729311903857307
"800",2008,0.814007028714838,0.916957944515621,0.722614866647105
"900",2008,0.87367137913705,0.983720349447721,0.775933606691949
"1000",2008,0.797752367061951,0.908428132182064,0.700560469901211
"1100",2008,0.918133045726518,1.04835637349134,0.804085624860289
"1200",2008,0.821370152004813,0.950778181015051,0.709575524634099
"1300",2008,0.908241707727623,0.99316216738125,0.830582382966798
"1400",2008,0.877626078704832,0.954123425479223,0.807261946886968
"1500",2008,0.797506131103422,0.947538831057826,0.671229514084932
"1600",2008,0.884789216045453,1.06296702659326,0.736478119494746
"1700",2008,0.84375512435795,0.97115380613229,0.733068959195659
"1800",2008,0.803698409753563,0.951648925607939,0.678749396399274
"1900",2008,0.82682136566082,0.971760426255403,0.703500114063656
"2000",2008,0.95195645623996,1.06663295968906,0.849609124061871
"2100",2008,1.0289228245901,1.06953071067022,0.989856736604648
"2200",2008,0.952734746192897,1.0069803302669,0.901411347690031
"2300",2008,1.02535369241914,1.05635818517215,0.995259192682097
"2400",2008,0.766665309261566,0.902100830186682,0.651563192003157
"2500",2008,0.974519309671116,1.00892084277831,0.941290777883698
"2600",2008,0.71552607529335,0.847579322075742,0.604046784873018
"2700",2008,0.839684896583667,0.943042493297277,0.747655307753416
"2800",2008,0.77053455208489,0.900318127454512,0.659459670811371
"2900",2008,0.822573635619136,0.911111171607528,0.742639764609482
"3000",2008,0.823998022075488,0.925927411678999,0.733289382969151
"3100",2008,0.827118976407302,0.96422555479037,0.709508058290156
"3200",2008,0.978031415138905,1.07598260662584,0.888997129793974
"3300",2008,0.954342878516315,1.10888449682508,0.821339221877926
"3400",2008,0.708557426127476,0.858266744693665,0.584962226748734
"3500",2008,0.891882147153633,0.951049156998005,0.836396056458565
"3600",2008,0.801995969242595,0.907048094850853,0.709110727791265
"3700",2008,0.826097207864178,0.895949673690863,0.761690770006862
"3800",2008,0.851458134757462,0.92030440805579,0.787762124030494
"3900",2008,0.823778391124272,0.954844121785388,0.71070326789509
"4000",2008,0.845489702187512,0.92978183618933,0.768839321958493
"4100",2008,0.846141300314425,1.0101533389597,0.708758831441483
"4200",2008,0.908460469264898,1.06578914184617,0.774356194685378
"4300",2008,0.987212772798946,1.09596405495994,0.889252758214783
"4400",2008,1.08511245880955,1.23979447138637,0.949729229673867
"4500",2008,1.03120167023582,1.09530520337203,0.970849842969252
"4625",2008,1.06692416849784,1.20455448132182,0.945019257307192
"4690",2008,1.05272827165284,1.08402917355935,1.02233117057019
"4700",2008,1.05176842717636,1.11737007632988,0.990018300864581
"4800",2008,1.05265815726594,1.15528403726506,0.959148711759002
"4900",2008,0.966881786399574,1.06885609733513,0.874636343659376
"5000",2008,0.914765932262109,1.07585741615925,0.777795178300379
"5100",2008,0.946419822017124,1.09564753591486,0.817516993509239
"5200",2008,1.01230444015679,1.07363213751154,0.954479885388252
"5400",2008,0.951597961096041,1.01406660001812,0.892977521935901
"5500",2008,0.84638568660125,0.938372511248275,0.76341615072517
"5600",2008,0.91477285488627,0.949320888201351,0.881482106247818
"5700",2008,0.911480773241635,1.077178385457,0.771271695761608
"5800",2008,0.786588431197522,0.875367059134022,0.706813620226769
"5900",2008,0.730337620459954,0.859284304171476,0.620741048416341
"6000",2008,0.796491577842425,0.901290384748666,0.703878399580203
"6100",2008,0.785757762373405,0.968411793887994,0.637554462912159
"6200",2008,0.864711245843316,0.986842260126962,0.757695093633
"6300",2008,0.892655696252104,0.976105158871757,0.816340519060835
"6400",2008,0.830607534884288,1.00083932573257,0.689330304343875
"6500",2008,0.714603260272144,0.906616118142697,0.563256939042422
"6600",2008,0.901349611614309,1.00557464624829,0.807927213945155
"6700",2008,0.899759814638676,1.00528434178131,0.805312179242852
"6800",2008,0.989076235160317,1.15404846324713,0.847686930067353
"6900",2008,0.804927228668525,0.963287298346658,0.672600837324474
"100",2009,0.884740065576026,0.974509122839423,0.803240283020371
"200",2009,0.891414213924599,0.974289518487606,0.815588473147389
"300",2009,1.01331656696688,1.16758408255192,0.879431708802773
"400",2009,0.836855761637481,0.968242918339535,0.72329737973902
"500",2009,0.832505606510335,0.896944362003512,0.772696294475875
"600",2009,0.914141495729534,1.05018195755565,0.795723701214273
"700",2009,0.807231928450722,0.910151730977243,0.715950279642509
"800",2009,0.920141587874125,1.02932656805395,0.822538315839079
"900",2009,0.974888370987023,1.09470189968196,0.868188258522118
"1000",2009,0.807817978244596,0.914354169053691,0.713694876735305
"1100",2009,0.881313256936889,1.02254633132213,0.759587153227993
"1200",2009,0.839435017073861,1.0191938370995,0.691380895605829
"1300",2009,0.959490569295201,1.04286950982758,0.882777896842186
"1400",2009,0.98522774452539,1.06813887010408,0.908752350233267
"1500",2009,0.932354829277867,1.13185287021692,0.768019899539739
"1600",2009,0.87835675641167,1.07671209993015,0.716543068090418
"1700",2009,0.865309161318559,0.970827163668176,0.771259779992879
"1800",2009,0.877661436886961,1.04756072877543,0.735317367899934
"1900",2009,0.941817355538852,1.08587404421533,0.816871842475223
"2000",2009,0.934548755739599,1.06211316287941,0.822305388332333
"2100",2009,1.07955685605519,1.12128994222376,1.03937702602098
"2200",2009,0.986798474349329,1.03807136498128,0.938058077534698
"2300",2009,1.05363924894795,1.08447617144009,1.02367916987002
"2400",2009,0.893024710023373,1.04187271134145,0.765442000765648
"2500",2009,1.01672313943591,1.05108080992416,0.983488550551114
"2600",2009,0.873129894510819,1.01901867130095,0.748127423136615
"2700",2009,0.951010983391541,1.06725591259049,0.8474273881848
"2800",2009,0.781504422353272,0.907806150364799,0.672774867092819
"2900",2009,0.797225185253101,0.890171281760431,0.71398393660254
"3000",2009,0.840054794218418,0.94157454001409,0.749480818883217
"3100",2009,0.782474865510838,0.94771889395242,0.646042744386758
"3200",2009,1.02317645743926,1.13257402340866,0.924345818834143
"3300",2009,1.02927241531949,1.19033272203005,0.890004689723105
"3400",2009,0.802700935579602,0.953092611024478,0.676040066334981
"3500",2009,0.842543451661661,0.894371699693154,0.793718616299572
"3600",2009,0.805137165180497,0.916279279331517,0.707476278660174
"3700",2009,0.991661070243701,1.07461115969775,0.9151139641184
"3800",2009,0.89807266480344,0.968606450796754,0.832675139220592
"3900",2009,0.814481989490315,0.92537237187832,0.716879962449681
"4000",2009,0.908554651317554,1.00001980505864,0.825455206241995
"4100",2009,0.738186139778913,0.893165769135515,0.610098142799531
"4200",2009,0.994142930369672,1.17085523182254,0.844101080255322
"4300",2009,0.978446110542549,1.07814553311246,0.887966199212534
"4400",2009,1.10794533369136,1.23682337608526,0.992496492372117
"4500",2009,1.01133170727401,1.07291317263846,0.953284802741834
"4625",2009,0.960789660993436,1.08966802598534,0.847154133789645
"4690",2009,1.10349497995131,1.13510614325701,1.07276414457924
"4700",2009,1.07616366708499,1.14355507382916,1.01274373649172
"4800",2009,1.05936260356698,1.16493275369522,0.96335957786094
"4900",2009,0.972584615789458,1.06906062990016,0.884814956621
"5000",2009,0.935200196687438,1.0775646895231,0.811644457532564
"5100",2009,0.902429523565307,1.03435471696093,0.787330527572841
"5200",2009,1.03824978499533,1.0997048317654,0.980229044108469
"5400",2009,0.986284653806085,1.05120837285334,0.925370690963003
"5500",2009,0.967853441834712,1.06134754358762,0.882595235209085
"5600",2009,0.939736004397526,0.973797130805288,0.906866255839897
"5700",2009,0.864077147468459,1.03140137101738,0.723897929319938
"5800",2009,0.902723967933056,1.01901604282785,0.799703368770679
"5900",2009,0.648052754509833,0.780071935226598,0.538376467172591
"6000",2009,0.682255625270186,0.768944834965682,0.605339573200446
"6100",2009,0.674108930704809,0.807642760660249,0.56265328260293
"6200",2009,1.00492634312228,1.12870710697396,0.894720117257509
"6300",2009,0.914434126105141,0.993623924887191,0.841555592656053
"6400",2009,0.98922785947733,1.20851488227698,0.809730829398109
"6500",2009,0.864349303768514,1.06861150089383,0.699131272965159
"6600",2009,0.904004166865,1.0083554251572,0.81045186381764
"6700",2009,0.982384998747107,1.0901644390499,0.885261205735571
"6800",2009,0.862022486564088,0.986919089063968,0.7529318011742
"6900",2009,0.745894015271859,0.87146205386143,0.638418941539871
"100",2010,0.890077381644613,0.980929998987266,0.807639430064585
"200",2010,0.885193933711264,0.960930045085272,0.815426996259326
"300",2010,0.857766441033882,0.974019347941946,0.75538875990355
"400",2010,0.772018104763751,0.887959972162078,0.671214888923197
"500",2010,0.82394962294009,0.890481280748671,0.762388829299519
"600",2010,0.811943027667442,0.917354506100555,0.718644183675607
"700",2010,0.79630984060762,0.897863694389634,0.70624234637263
"800",2010,0.834559407514579,0.927831202020511,0.750663917266804
"900",2010,0.900604858147645,1.00336588549645,0.808368235599147
"1000",2010,0.88587479296877,1.00278321395099,0.782596016665886
"1100",2010,0.893769794836381,1.05088451937861,0.760144841256408
"1200",2010,0.789714127217304,0.919910756522681,0.677944461791073
"1300",2010,0.916061842388117,1.00472626855507,0.835221816471815
"1400",2010,0.930558505664511,1.01011480075585,0.857268037075195
"1500",2010,0.678278424340654,0.809351922996707,0.568432109511294
"1600",2010,0.699104987979162,0.890774017837968,0.548677638132736
"1700",2010,0.900921268285849,1.01605251649289,0.798835806687815
"1800",2010,0.941389167243273,1.14767103085012,0.772184310992442
"1900",2010,0.82643665669964,0.972731168487101,0.702144199408302
"2000",2010,1.00015087302467,1.13212270979069,0.883563027365603
"2100",2010,1.01801496586704,1.05815782710717,0.979394986438361
"2200",2010,0.954151277623451,1.00480860496115,0.906047834478552
"2300",2010,1.01946431376075,1.05075518472732,0.989105266514939
"2400",2010,0.967144301253027,1.10022824082381,0.850158235118408
"2500",2010,0.973087838250262,1.00751703677462,0.939835165449799
"2600",2010,0.940582796794348,1.09361603224868,0.80896399790919
"2700",2010,0.87308160094248,0.995744008530091,0.765529569220851
"2800",2010,0.843227637692637,0.960760707920178,0.740072780981982
"2900",2010,0.80197895173215,0.887893895798454,0.724377363179207
"3000",2010,0.814245628475653,0.93358191888143,0.710163650433675
"3100",2010,0.751282683763324,0.914110720392537,0.617458758912977
"3200",2010,0.997026109317412,1.11454004793665,0.891902506779299
"3300",2010,0.853382392137847,0.983698158500796,0.740330253663197
"3400",2010,0.768898753312817,0.90275604918069,0.654889317421425
"3500",2010,0.80412533400516,0.858630614740413,0.753080010994484
"3600",2010,0.831160857825892,0.939890686930171,0.735009274151046
"3700",2010,0.793954499213595,0.865496821798699,0.728325894382226
"3800",2010,0.819897836849379,0.888231557333901,0.756821188483836
"3900",2010,0.889725648360497,1.00538764413546,0.787369661809622
"4000",2010,0.869154594071448,0.960086802145374,0.786834801506957
"4100",2010,0.701492848899317,0.844642642798729,0.582604041191111
"4200",2010,0.988035411097528,1.17212649102816,0.832857188242838
"4300",2010,0.93041574303688,1.03691600331865,0.834853982502229
"4400",2010,1.11878802830787,1.28724164583769,0.972378928488173
"4500",2010,1.00973940583436,1.07204094011261,0.951058517958858
"4625",2010,0.991004749528589,1.12839508975119,0.87034268627026
"4690",2010,1.05204031064073,1.08360324326349,1.02139673546908
"4700",2010,1.01686161293618,1.08129390296796,0.956268723077976
"4800",2010,0.98127513828341,1.07138347212207,0.898745334484138
"4900",2010,0.964821127844948,1.05259515142821,0.884366422810266
"5000",2010,0.975124723567414,1.14984730378696,0.826951738183661
"5100",2010,0.887266712319037,1.05637796478522,0.745227792544401
"5200",2010,0.964375034680706,1.01983692773977,0.91192933126729
"5400",2010,0.901040978331083,0.960516523880009,0.845248181001888
"5500",2010,0.913552961405905,1.00238580214051,0.832592612057479
"5600",2010,0.915362532164581,0.94990232725559,0.882078652982711
"5700",2010,1.08133440854606,1.28731305280694,0.908313716353665
"5800",2010,0.835622481938,0.926833760579127,0.753387459563316
"5900",2010,0.782444835747946,0.936096093658352,0.65401396836944
"6000",2010,0.802124597889743,0.91622146738157,0.702236187914848
"6100",2010,0.878898044934944,1.07155805218239,0.720877204755482
"6200",2010,0.926879133222555,1.04633336999554,0.82106234230784
"6300",2010,0.881728931077337,0.964947544089568,0.805687223788218
"6400",2010,0.899438375158522,1.08513016060653,0.745522905985418
"6500",2010,0.766290110807685,0.965294828698981,0.608312109900226
"6600",2010,0.919798352325321,1.02352478935335,0.826583799181732
"6700",2010,0.852842424333671,0.942265013785993,0.771906194225445
"6800",2010,0.777038860632618,0.877534977994664,0.688051651585459
"6900",2010,0.904995690923989,1.04493386648947,0.78379812049018
"100",2011,0.873838581069871,0.96223121692585,0.793565883474188
"200",2011,0.938573597686584,1.02513924750798,0.85931779552463
"300",2011,0.963991403265732,1.11459516502806,0.833737176265999
"400",2011,0.849219838624906,0.968200176995775,0.744860775125905
"500",2011,0.87879903680512,0.942675076113731,0.819251263408212
"600",2011,0.8404445303404,0.943329739316623,0.748780600398325
"700",2011,0.815926336177067,0.904875263461097,0.735721057862639
"800",2011,0.922549985190666,1.02350013393742,0.831556779480926
"900",2011,0.903805631425948,1.0194543570747,0.801276304062531
"1000",2011,0.891137748734797,0.993340686334836,0.799450277376877
"1100",2011,0.860663288268957,0.984227371583561,0.75261196463387
"1200",2011,0.918737167137412,1.06539654692094,0.792266489617516
"1300",2011,0.923612518957749,1.00641098907588,0.847625964377424
"1400",2011,0.945438322285336,1.0229326540594,0.873814730323203
"1500",2011,0.951881553569715,1.14470667955956,0.791537699749351
"1600",2011,0.833597638963048,1.05147269156409,0.660868350894699
"1700",2011,0.902880979220296,1.01637717088892,0.802058611691202
"1800",2011,0.910017794481395,1.08133616831436,0.765841752582566
"1900",2011,0.88111599088635,1.00677312095167,0.771142348994939
"2000",2011,0.904317974097509,1.03637314878947,0.789089334503731
"2100",2011,1.05632038901569,1.0995581365454,1.01478287246905
"2200",2011,0.983846149555869,1.04352748317057,0.92757810561439
"2300",2011,1.04434519456359,1.07676734281638,1.01289929777713
"2400",2011,0.892091381548027,1.03709809057031,0.767359462203458
"2500",2011,1.01034237854659,1.04652058773576,0.975414849788811
"2600",2011,1.00473373135666,1.17625022954144,0.858227140426938
"2700",2011,0.902032115898047,1.02019142309409,0.797558104971902
"2800",2011,1.05633657478504,1.21252217966575,0.920269317907405
"2900",2011,0.872688709911643,0.961167991221251,0.792354293279767
"3000",2011,0.852569914775658,0.963369658741588,0.754513548340375
"3100",2011,0.875397453979466,1.01184978915475,0.757346308362505
"3200",2011,0.947850218949855,1.04759853543006,0.857599554770727
"3300",2011,0.972278706317584,1.12243189725255,0.842212240290504
"3400",2011,0.759478217420884,0.898783639563965,0.64176419924225
"3500",2011,0.805127154323717,0.85769935994762,0.755777332827896
"3600",2011,0.859251568721148,0.977832637823614,0.755050741600357
"3700",2011,0.90708925635557,0.99629020967833,0.825874741117209
"3800",2011,0.822578549345867,0.88768085082622,0.762250835099309
"3900",2011,0.928050468789659,1.0707260649543,0.804386575437919
"4000",2011,0.95783598827555,1.06511307216986,0.861363741003346
"4100",2011,0.885211442821097,1.06295737489774,0.737187884487644
"4200",2011,1.01744258381497,1.19246868653833,0.868106159135436
"4300",2011,0.873706400296513,0.977172001413109,0.781196015456005
"4400",2011,1.08780831425731,1.24677701319497,0.949108714745202
"4500",2011,1.07014491144617,1.14185298490776,1.00294008653543
"4625",2011,1.06099179255288,1.20984898366664,0.930449666910442
"4690",2011,1.08533639450287,1.11847750961945,1.05317726919093
"4700",2011,1.04362280678236,1.11313659823786,0.978450052365944
"4800",2011,1.07253564169703,1.18291143480062,0.97245885775409
"4900",2011,0.966856202855889,1.05744635500728,0.884026799633225
"5000",2011,1.01113989639068,1.16799388375995,0.875350380073638
"5100",2011,0.951834017924296,1.08387102649579,0.835881738260885
"5200",2011,1.01433141814759,1.07961654731274,0.95299412407326
"5400",2011,0.984755647923618,1.05448311457682,0.919638894840562
"5500",2011,0.935583832198862,1.04144104706537,0.840486467801919
"5600",2011,0.93162753430339,0.968294202049292,0.89634933353451
"5700",2011,0.873410945742101,1.0201174645364,0.747802784151714
"5800",2011,0.887509118490464,1.00484860198962,0.783871753261253
"5900",2011,0.738078165043989,0.885016430608294,0.615535891622119
"6000",2011,0.688467958305984,0.817003982513079,0.580154001399157
"6100",2011,0.894590690460049,1.06531846357884,0.751223724002
"6200",2011,0.981375439906975,1.10199640022568,0.873957259620243
"6300",2011,0.888061854076408,0.96263929830225,0.819262062183135
"6400",2011,0.801902680166045,0.946307541948288,0.679533745587147
"6500",2011,0.841773288727065,1.01769133100962,0.696264425197978
"6600",2011,0.824149015807889,0.923904262213913,0.735164484066262
"6700",2011,0.906419727006105,1.00920914880744,0.8140995575364
"6800",2011,0.860559850446788,0.973960011208982,0.760363102877019
"6900",2011,0.912145221736847,1.03863780088326,0.801057793996926
"100",2012,0.930800843243523,1.02345172168664,0.846537449128573
"200",2012,0.908113038076394,0.991077844371749,0.8320933563469
"300",2012,1.04013845216921,1.19498151382898,0.905359611977889
"400",2012,0.924775223356023,1.04967844673295,0.814734470727644
"500",2012,0.888068767273203,0.956599523409292,0.824447552090936
"600",2012,0.827668454690043,0.935379028631353,0.732360946654265
"700",2012,0.878873461989424,0.973710575865582,0.793273259359058
"800",2012,0.966543929766691,1.07477844187054,0.869209068375941
"900",2012,1.03242388649288,1.14720407583604,0.929127697375277
"1000",2012,0.770911432275323,0.863877689432137,0.68794974529722
"1100",2012,0.818436843564619,0.946542651786589,0.707668973648153
"1200",2012,1.04794776520019,1.27843966573392,0.859011612376422
"1300",2012,0.957796003753161,1.16669639357232,0.786299837609515
"1400",2012,1.01442023728702,1.21849177555423,0.844526355009161
"1500",2012,0.938617092742658,1.0283178000781,0.856741025704084
"1600",2012,0.920234379791754,1.01956270498943,0.830582866170542
"1700",2012,0.781077631619111,0.958739496672119,0.636337888168138
"1800",2012,0.861411952429017,1.02396916485325,0.724661032047697
"1900",2012,1.08533894336404,1.12623010124457,1.04593246147553
"2000",2012,0.987631684584441,1.03956606544345,0.93829182850348
"2101",2012,0.969855773453231,1.11244179595076,0.8455455599784
"2102",2012,1.0564501172503,1.21803504220159,0.91630110101007
"2200",2012,0.946823288527936,1.07643738955871,0.832816054509564
"2300",2012,1.0531481236666,1.08331028238089,1.02382575742275
"2400",2012,1.05646742648886,1.27413642806848,0.875984234218912
"2500",2012,0.998111051553181,1.03173676913709,0.96558124226377
"2600",2012,0.836718889628997,0.943707500865007,0.741859633011572
"2700",2012,0.894910804917521,1.00160933002992,0.799578562965461
"2800",2012,0.865553682149836,1.01081447816659,0.741167833331794
"2900",2012,0.822986383657417,0.959955153982034,0.705560655490986
"3000",2012,1.04466398840464,1.16971897437496,0.932978666309702
"3100",2012,0.8737892235427,1.0330910023227,0.739051647398691
"3200",2012,0.940788476590874,1.09358467756447,0.809341037639036
"3300",2012,0.807710462533352,0.860147179841612,0.758470418290478
"3400",2012,0.791051247584027,0.927093467360992,0.674971940084425
"3500",2012,0.993244185529301,1.08623718156757,0.908212339651342
"3601",2012,0.88784850600431,1.02206907567053,0.771254104422379
"3602",2012,0.952543166809458,1.05042905798136,0.863778927040582
"3700",2012,0.927901334430623,1.04859230727199,0.821101662168496
"3800",2012,0.901228905776961,0.975063346754851,0.832985408908149
"3900",2012,0.814610983962886,0.959767648643511,0.691408025818404
"4000",2012,0.885592577616319,1.01257340086307,0.774535666116291
"4100",2012,0.980647885885095,1.21359766950856,0.792412757747241
"4200",2012,0.958651612909376,1.17294221001117,0.783510821837502
"4300",2012,1.04327780166336,1.12780421274958,0.965086456619943
"4400",2012,1.07616924753177,1.33962398708083,0.864526360010019
"4500",2012,1.04945490776792,1.12939022561887,0.975177204880329
"4600",2012,1.09059285022389,1.12189041185353,1.06016840182672
"4700",2012,0.940108895776219,1.03301890381607,0.855555239747041
"4800",2012,0.961365833030145,1.05672704658324,0.874610210750329
"4900",2012,1.10269594942157,1.1763892322567,1.03361908076817
"5000",2012,1.0627393113852,1.21218351618975,0.931719355096959
"5100",2012,0.947330829558725,1.11767262670353,0.802950416061743
"5200",2012,1.00571234611015,1.06414611053661,0.950487262137654
"5400",2012,0.829368839088422,0.923000046453029,0.74523579266784
"5500",2012,0.874199348293697,1.00549340420312,0.760049242851868
"5600",2012,1.00262995181649,1.14345350706597,0.87914971100048
"5700",2012,0.836516092793716,0.954305776299354,0.733265155552572
"5800",2012,1.01889546327776,1.16157106596128,0.893744683825154
"5900",2012,0.942285815273991,0.976167771104146,0.909579873408708
"6000",2012,0.717833975713939,0.813345056818294,0.633538757467851
"6100",2012,0.79690887554966,0.996563079982375,0.637253946775808
"6200",2012,0.788288319365966,0.947963830954521,0.655508632458184
"6300",2012,0.757451936657855,0.85830216744051,0.668451575809985
"6400",2012,1.16713034602043,1.49300701251572,0.912382348631077
"6500",2012,0.818357089628254,0.970010324899878,0.690413605869558
"6600",2012,0.946142735194559,1.02153929369163,0.87631095630832
"6700",2012,0.861193153755453,0.948588579776117,0.781849648928207
"6800",2012,0.873492350428943,0.946708015834187,0.805938973259432
"6900",2012,1.05402473374658,1.27995251611415,0.867976057988763
"100",2013,0.894481086345562,0.97704667101896,0.818892728016277
"200",2013,0.938393664721082,1.01948093808292,0.863755894881715
"300",2013,1.08603400293703,1.23450671200573,0.95541793662598
"400",2013,0.964306096820895,1.09444093812473,0.849644979435129
"500",2013,0.876028018086896,0.935362284913852,0.820457592582896
"600",2013,0.937132921495233,1.07715669465604,0.815311381256956
"700",2013,0.859620270257335,0.948825859668969,0.778801506627466
"800",2013,0.878761571823547,0.966364119500256,0.799100343784634
"900",2013,0.991437163383867,1.08847265748732,0.903052219251637
"1000",2013,0.872862384583094,0.976658335077102,0.780097517275515
"1100",2013,0.8921602376489,1.0338302886068,0.769903821172017
"1200",2013,0.846145898504013,0.988541843753735,0.724261583947197
"1300",2013,0.934597848103644,1.0703108855755,0.81609292164706
"1400",2013,0.802789018412632,0.964420351725411,0.668246171838781
"1500",2013,0.91408465572305,0.990317093288127,0.843720423984673
"1600",2013,0.832789166878519,0.933149518382203,0.743222584171292
"1700",2013,0.8680347182964,1.02768532523526,0.733185785245522
"1800",2013,0.753995204331682,0.893329172568133,0.636393376162598
"1900",2013,1.07557154498156,1.11332347004118,1.03909975807052
"2000",2013,1.01928356922858,1.06991528956954,0.971047899425146
"2101",2013,0.845970303879169,0.956530804078515,0.748188926058539
"2102",2013,0.818357974587476,0.939805981211693,0.71260429062971
"2200",2013,0.899776009710865,1.01046942911103,0.801208670274626
"2300",2013,1.05446303983723,1.08258999329998,1.02706685750297
"2400",2013,0.965387446970189,1.12816721914111,0.826094666601949
"2500",2013,1.01912240320828,1.05110673904514,0.988111325082481
"2600",2013,0.835617436659964,0.932754241143794,0.748596435856383
"2700",2013,0.800684965383452,0.879454354297358,0.728970651698355
"2800",2013,0.943255714066685,1.08911395018942,0.816931361465632
"2900",2013,0.807436811832756,0.919898132288563,0.708724349163189
"3000",2013,1.02462752276083,1.12396921787375,0.934066114715352
"3100",2013,1.09880792172212,1.25277925420802,0.963760251284296
"3200",2013,0.883569542656704,1.04124536023887,0.74977057907992
"3300",2013,0.831913449862313,0.882233401262536,0.784463597809153
"3400",2013,0.868667676698917,1.00313320705764,0.752226650690605
"3500",2013,0.897529122469663,0.972452088366149,0.828378626894216
"3601",2013,0.930184471317933,1.04491047384338,0.828054816503553
"3602",2013,0.879575276232406,0.958710584974682,0.806972071326138
"3700",2013,0.962672623111367,1.11465337697902,0.831414140420768
"3800",2013,0.962674742373926,1.03926839710965,0.891726008586526
"3900",2013,0.934600045187832,1.08621986626682,0.804144051854906
"4000",2013,0.823048892139189,0.920098283869799,0.736235998617953
"4100",2013,0.756146232463614,1.00142225981046,0.570945092609723
"4200",2013,1.05784537916056,1.26557122577018,0.88421482997161
"4300",2013,1.01481398430517,1.09859439860808,0.937422786832115
"4400",2013,0.956535129035674,1.1800068018452,0.77538489748411
"4500",2013,1.12641252854947,1.20314856821463,1.05457066400038
"4600",2013,1.06844233362904,1.09658334034963,1.04102349387023
"4700",2013,0.924211907961719,1.00439085253769,0.85043352262728
"4800",2013,1.09940028432624,1.20632662437485,1.00195167772491
"4900",2013,1.0872224619852,1.15517082021193,1.02327089739705
"5000",2013,1.04617020288912,1.18180834136411,0.926099482552094
"5100",2013,0.925284916235936,1.07825727684089,0.794014744534927
"5200",2013,1.06023800565548,1.11412766585236,1.0089549547056
"5400",2013,0.970521792829711,1.07183328230127,0.87878643620309
"5500",2013,0.808565841150408,0.920557442771652,0.710198722099126
"5600",2013,0.999252863921594,1.12738711447104,0.885681833009057
"5700",2013,0.894376874434521,1.01821118406487,0.78560322852661
"5800",2013,0.91760491455674,1.03152889583622,0.816262910925149
"5900",2013,0.986098850053399,1.01960140568584,0.953697137581482
"6000",2013,0.852755074581399,0.965356654638063,0.753287620415245
"6100",2013,0.990561734119206,1.1517149358941,0.851957822652977
"6200",2013,0.957820278560419,1.12512412092117,0.815394203148399
"6300",2013,0.860306344807391,0.961160135638261,0.770035064369758
"6400",2013,0.837825559666723,1.09723146905743,0.639748027855841
"6500",2013,0.776402867738901,0.943033757536321,0.639215095128737
"6600",2013,0.981166479592947,1.05391096069024,0.913443067378601
"6700",2013,0.847924496939117,0.94519114108553,0.760667256872221
"6800",2013,0.868360943529452,0.937313916973903,0.804480456965576
"6900",2013,0.962289700139163,1.21118699947529,0.764540461047782
"100",2014,0.873585055109831,0.964219277772458,0.791470224775301
"200",2014,0.921610674414906,1.01133485043355,0.839846698481102
"300",2014,0.895335122585986,1.03079341559444,0.777677631238823
"400",2014,0.865749475127102,0.987438597647014,0.759056973738826
"500",2014,0.858533376829215,0.927351194598915,0.794822461460856
"600",2014,0.872731615340767,0.989992592456808,0.769359769172753
"700",2014,0.776476456024307,0.863210149630274,0.698457596934311
"800",2014,0.888693768157358,0.978729312518461,0.80694079911582
"900",2014,1.02922666994362,1.13824421917268,0.930650488076436
"1000",2014,0.854530644821002,0.971587201418864,0.751577029701309
"1100",2014,0.732842832730262,0.854128670866161,0.628779522105832
"1200",2014,0.793746204736857,0.920209795539719,0.684662389585451
"1300",2014,0.868651719953053,1.05013783741701,0.718530257354933
"1400",2014,0.893261089264458,1.07962816305442,0.739064986352812
"1500",2014,0.964998297557616,1.0461089709314,0.890176587874956
"1600",2014,0.953142009776224,1.05835619468248,0.858387464791866
"1700",2014,0.863672769272184,1.01335583194622,0.736099432071825
"1800",2014,0.784977044718642,0.895971269448255,0.687732946073891
"1900",2014,1.05425615850839,1.09092124663477,1.01882335794764
"2000",2014,1.00890731021844,1.05502134693789,0.964808876679665
"2101",2014,0.992152322277408,1.12220530334078,0.877171251704137
"2102",2014,0.912175985140803,1.05348622278258,0.78982051200428
"2200",2014,0.851928746572776,0.963002885787045,0.753666058481115
"2300",2014,1.0497010921874,1.07807917667773,1.02206999891697
"2400",2014,0.965117246651432,1.11873299215556,0.832594824962953
"2500",2014,0.998312569423431,1.03068660771717,0.966955405073328
"2600",2014,0.799580307898017,0.882589110951412,0.72437860477239
"2700",2014,0.833499603581685,0.918913375397666,0.756025113760239
"2800",2014,0.899430251694753,1.02075156564278,0.792528569039486
"2900",2014,0.803842338767504,0.927837249009136,0.696417939983835
"3000",2014,1.01767460487177,1.1119188220119,0.931418356177291
"3100",2014,0.876836838058451,1.00182034260956,0.76744582623831
"3200",2014,0.827704567466832,0.97245833330474,0.704497897279848
"3300",2014,0.826838589572211,0.880351607497041,0.776578411834229
"3400",2014,0.920434876704577,1.03513857084962,0.818441497700936
"3500",2014,0.932475324213417,1.01016494909994,0.860760642152207
"3601",2014,1.06404538138449,1.23277273407685,0.918411433307288
"3602",2014,0.881871397894308,0.962884315567682,0.807674556382776
"3700",2014,0.97222443327831,1.11313617242781,0.84915068980442
"3800",2014,0.904790213032024,0.97339208887361,0.841023200163723
"3900",2014,0.9336188647637,1.07294425637085,0.812385340120953
"4000",2014,0.737041683177191,0.82543342570969,0.658115392254207
"4100",2014,0.97801030563316,1.22245758188994,0.782443638204525
"4200",2014,0.897051195307337,1.05573315719699,0.762219924150943
"4300",2014,1.0264737119209,1.11122212294675,0.948188718985004
"4400",2014,0.91211426054103,1.12143554800207,0.74186378857394
"4500",2014,1.08353111045941,1.15159318919129,1.01949167323391
"4600",2014,1.09136587823788,1.12065191478568,1.06284517473004
"4700",2014,0.881537616577926,0.965896435874423,0.8045464716291
"4800",2014,0.969086325269288,1.05820006577484,0.887477081317589
"4900",2014,1.0625864973798,1.12992196072345,0.999263757729743
"5000",2014,0.932625380610606,1.05362157667268,0.825524191812643
"5100",2014,0.86574922645228,0.99137475065067,0.756042780604193
"5200",2014,1.01384430277857,1.06915596548549,0.961394130939367
"5400",2014,0.905307504557474,1.00162867385925,0.818249017023696
"5500",2014,0.821723743408617,0.939257286976734,0.718897707629068
"5600",2014,0.909852433313891,1.01451220105151,0.815989644628406
"5700",2014,1.01453511118379,1.1354665636161,0.906483312504396
"5800",2014,0.945350893293792,1.06526141707098,0.838938026976171
"5900",2014,0.968542950138068,1.0019568124625,0.936243393521779
"6000",2014,0.855168813887681,0.966680007339584,0.756520973531586
"6100",2014,0.851744617985734,1.0162008800368,0.71390303681039
"6200",2014,0.82111615499957,0.963725538000628,0.699609705684524
"6300",2014,0.828329437840835,0.928030317874419,0.739339700846455
"6400",2014,0.987690136463354,1.20746016129751,0.807920490410811
"6500",2014,0.993637277169332,1.16314431744865,0.84883279208736
"6600",2014,0.937010604442039,1.00346434871836,0.874957714201021
"6700",2014,0.842352135136344,0.922219681589156,0.769401405905867
"6800",2014,0.894574600695689,0.96571719893182,0.828672945967022
"6900",2014,0.988053834380574,1.1898649523798,0.820471581822454
