DistrictID,SchoolYear,ReportDate,PaymentCycle,RecaptureAmount
109901,2016-17,8/2/2016 2:27 PM,Preliminary,$0
95901,2014-15,5/5/2016 8:15 AM,Final,"$211,019"
95901,2015-16,8/10/2016 4:42 PM,Preliminary,"$281,552"
95901,2016-17,8/2/2016 2:27 PM,Preliminary,"$193,570"
15901,2014-15,5/5/2016 8:15 AM,Final,"$26,028,337"
15901,2015-16,8/10/2016 4:42 PM,Preliminary,"$29,127,387"
15901,2016-17,8/2/2016 2:27 PM,Preliminary,"$34,240,101"
209901,2014-15,5/5/2016 8:15 AM,Final,"$45,497"
209901,2015-16,8/10/2016 4:42 PM,Preliminary,"$33,990"
209901,2016-17,8/2/2016 2:27 PM,Preliminary,"$25,691"
184907,2014-15,5/5/2016 8:15 AM,Final,"$759,271"
184907,2015-16,8/10/2016 4:42 PM,Preliminary,"$822,205"
184907,2016-17,8/2/2016 2:27 PM,Preliminary,"$1,125,936"
43901,2014-15,5/5/2016 8:15 AM,Final,"$760,266"
43901,2015-16,8/10/2016 4:42 PM,Preliminary,"$1,129,136"
43901,2016-17,8/2/2016 2:27 PM,Preliminary,"$1,699,835"
249901,2014-15,5/5/2016 8:15 AM,Final,"$165,485"
249901,2015-16,8/10/2016 4:42 PM,Preliminary,"$100,113"
249901,2016-17,8/2/2016 2:27 PM,Preliminary,"$152,681"
36901,2015-16,8/10/2016 4:42 PM,Preliminary,$0
93901,2014-15,5/5/2016 8:15 AM,Final,$0
93901,2015-16,8/10/2016 4:42 PM,Preliminary,$0
93901,2016-17,8/2/2016 2:27 PM,Preliminary,$0
2901,2014-15,5/5/2016 8:15 AM,Final,"$38,138,662"
2901,2015-16,8/10/2016 4:42 PM,Preliminary,"$29,287,586"
2901,2016-17,8/2/2016 2:27 PM,Preliminary,"$20,049,150"
4901,2014-15,5/5/2016 8:15 AM,Final,"$4,457,205"
4901,2015-16,8/10/2016 4:42 PM,Preliminary,"$4,816,481"
4901,2016-17,8/2/2016 2:27 PM,Preliminary,"$6,024,037"
5901,2014-15,5/5/2016 8:15 AM,Final,"$866,420"
5901,2015-16,8/10/2016 4:42 PM,Preliminary,"$221,718"
5901,2016-17,8/2/2016 2:27 PM,Preliminary,$0
61910,2014-15,5/5/2016 8:15 AM,Final,"$125,715"
61910,2015-16,8/10/2016 4:42 PM,Preliminary,"$140,071"
61910,2016-17,8/2/2016 2:27 PM,Preliminary,"$785,684"
217901,2014-15,5/5/2016 8:15 AM,Final,"$849,520"
217901,2015-16,8/10/2016 4:42 PM,Preliminary,"$676,243"
217901,2016-17,8/2/2016 2:27 PM,Preliminary,"$68,986"
227901,2014-15,5/5/2016 8:15 AM,Final,"$181,251,916"
227901,2015-16,8/10/2016 4:42 PM,Preliminary,"$231,876,776"
227901,2016-17,8/2/2016 2:27 PM,Preliminary,"$358,459,570"
196901,2014-15,5/5/2016 8:15 AM,Final,"$3,220,988"
196901,2015-16,8/10/2016 4:42 PM,Preliminary,"$2,301,821"
196901,2016-17,8/2/2016 2:27 PM,Preliminary,"$2,165,334"
10902,2014-15,5/5/2016 8:15 AM,Final,"$91,834"
10902,2015-16,8/10/2016 4:42 PM,Preliminary,$0
10902,2016-17,8/2/2016 2:27 PM,Preliminary,"$113,385"
36902,2014-15,5/5/2016 8:15 AM,Final,"$10,718,895"
36902,2015-16,8/10/2016 4:42 PM,Preliminary,"$12,982,081"
36902,2016-17,8/2/2016 2:27 PM,Preliminary,"$18,787,185"
123910,2014-15,5/5/2016 8:15 AM,Final,$0
123910,2015-16,8/10/2016 4:42 PM,Preliminary,$0
123910,2016-17,8/2/2016 2:27 PM,Preliminary,$0
183901,2014-15,5/5/2016 8:15 AM,Final,"$70,417"
183901,2015-16,8/10/2016 4:42 PM,Preliminary,"$55,009"
183901,2016-17,8/2/2016 2:27 PM,Preliminary,"$48,429"
8901,2014-15,5/5/2016 8:15 AM,Final,"$31,310"
8901,2015-16,8/10/2016 4:42 PM,Preliminary,"$79,936"
8901,2016-17,8/2/2016 2:27 PM,Preliminary,"$94,841"
66901,2014-15,5/5/2016 8:15 AM,Final,$0
66901,2015-16,8/10/2016 4:42 PM,Preliminary,$0
66901,2016-17,8/2/2016 2:27 PM,Preliminary,$0
187901,2014-15,5/5/2016 8:15 AM,Final,$0
187901,2015-16,8/10/2016 4:42 PM,Preliminary,$0
187901,2016-17,8/2/2016 2:27 PM,Preliminary,$0
114901,2015-16,8/10/2016 4:42 PM,Preliminary,"$100,566"
177903,2014-15,5/5/2016 8:15 AM,Final,"$1,208,145"
177903,2015-16,8/10/2016 4:42 PM,Preliminary,"$1,393,020"
177903,2016-17,8/2/2016 2:27 PM,Preliminary,"$1,333,548"
16902,2014-15,5/5/2016 8:15 AM,Final,"$293,505"
16902,2015-16,8/10/2016 4:42 PM,Preliminary,"$138,109"
16902,2016-17,8/2/2016 2:27 PM,Preliminary,"$423,484"
72904,2014-15,5/5/2016 8:15 AM,Final,"$456,896"
72904,2015-16,8/10/2016 4:42 PM,Preliminary,"$478,857"
72904,2016-17,8/2/2016 2:27 PM,Preliminary,"$466,900"
130901,2014-15,5/5/2016 8:15 AM,Final,"$7,743,188"
130901,2015-16,8/10/2016 4:42 PM,Preliminary,"$6,728,515"
130901,2016-17,8/2/2016 2:27 PM,Preliminary,"$9,273,278"
148901,2014-15,5/5/2016 8:15 AM,Final,"$117,490"
148901,2015-16,8/10/2016 4:42 PM,Preliminary,"$160,163"
148901,2016-17,8/2/2016 2:27 PM,Preliminary,"$115,212"
17901,2014-15,5/5/2016 8:15 AM,Final,"$4,262,968"
17901,2015-16,8/10/2016 4:42 PM,Preliminary,"$3,950,082"
17901,2016-17,8/2/2016 2:27 PM,Preliminary,"$3,216,867"
169901,2014-15,5/5/2016 8:15 AM,Final,$0
169901,2015-16,8/10/2016 4:42 PM,Preliminary,$0
169901,2016-17,8/2/2016 2:27 PM,Preliminary,$0
249902,2014-15,5/5/2016 8:15 AM,Final,"$117,905"
249902,2015-16,8/10/2016 4:42 PM,Preliminary,"$728,257"
249902,2016-17,8/2/2016 2:27 PM,Preliminary,"$56,432"
136901,2016-17,8/2/2016 2:27 PM,Preliminary,"$11,226"
20905,2014-15,5/5/2016 8:15 AM,Final,"$1,321,025"
20905,2015-16,8/10/2016 4:42 PM,Preliminary,$0
20905,2016-17,8/2/2016 2:27 PM,Preliminary,"$6,014,473"
215901,2014-15,5/25/2016 9:00 AM,Final,$0
215901,2015-16,8/10/2016 4:42 PM,Preliminary,$0
198901,2014-15,5/5/2016 8:15 AM,Final,$0
198901,2015-16,8/10/2016 4:42 PM,Preliminary,$0
198901,2016-17,8/2/2016 2:27 PM,Preliminary,$0
239901,2014-15,5/5/2016 8:15 AM,Final,$0
239901,2015-16,8/10/2016 4:42 PM,Preliminary,$0
239901,2016-17,8/2/2016 2:27 PM,Preliminary,$0
249903,2014-15,5/5/2016 8:15 AM,Final,"$325,892"
249903,2015-16,8/10/2016 4:42 PM,Preliminary,"$335,423"
249903,2016-17,8/2/2016 2:27 PM,Preliminary,"$361,628"
203902,2016-17,8/2/2016 2:27 PM,Preliminary,$0
184909,2014-15,5/5/2016 8:15 AM,Final,$0
184909,2015-16,8/10/2016 4:42 PM,Preliminary,$0
184909,2016-17,8/2/2016 2:27 PM,Preliminary,"$5,718"
121902,2014-15,4/14/2016 3:54 PM,Final,$0
121902,2015-16,8/10/2016 4:42 PM,Preliminary,$0
121902,2016-17,8/2/2016 2:27 PM,Preliminary,$0
223901,2014-15,5/5/2016 8:15 AM,Final,"$148,490"
223901,2015-16,8/10/2016 4:42 PM,Preliminary,"$78,915"
21902,2016-17,8/2/2016 2:27 PM,Preliminary,$0
119901,2014-15,5/5/2016 8:15 AM,Final,$0
119901,2015-16,8/10/2016 4:42 PM,Preliminary,$0
119901,2016-17,8/2/2016 2:27 PM,Preliminary,$0
186901,2014-15,5/5/2016 8:15 AM,Final,"$634,060"
186901,2015-16,8/10/2016 4:42 PM,Preliminary,"$462,081"
186901,2016-17,8/2/2016 2:27 PM,Preliminary,"$412,472"
145901,2015-16,8/10/2016 4:42 PM,Preliminary,$0
176901,2014-15,5/5/2016 8:15 AM,Final,"$78,594"
176901,2015-16,8/10/2016 4:42 PM,Preliminary,"$72,931"
176901,2016-17,8/2/2016 2:27 PM,Preliminary,"$76,531"
27903,2014-15,5/5/2016 8:15 AM,Final,$0
27903,2015-16,8/10/2016 4:42 PM,Preliminary,$0
27903,2016-17,8/2/2016 2:27 PM,Preliminary,$0
239903,2014-15,5/5/2016 8:15 AM,Final,"$791,667"
239903,2015-16,8/10/2016 4:42 PM,Preliminary,"$644,653"
239903,2016-17,8/2/2016 2:27 PM,Preliminary,"$1,003,892"
188904,2014-15,5/5/2016 8:15 AM,Final,"$708,210"
188904,2015-16,8/10/2016 4:42 PM,Preliminary,"$1,268,069"
188904,2016-17,8/2/2016 2:27 PM,Preliminary,"$840,753"
26901,2014-15,5/5/2016 8:15 AM,Final,$0
26901,2015-16,8/10/2016 4:42 PM,Preliminary,$0
26901,2016-17,8/2/2016 2:27 PM,Preliminary,$0
29901,2014-15,5/5/2016 8:15 AM,Final,"$9,523,127"
29901,2015-16,8/10/2016 4:42 PM,Preliminary,"$8,458,184"
29901,2016-17,8/2/2016 2:27 PM,Preliminary,"$8,038,213"
49905,2014-15,5/5/2016 8:15 AM,Final,"$17,270"
49905,2015-16,8/10/2016 4:42 PM,Preliminary,"$18,137"
49905,2016-17,8/2/2016 2:27 PM,Preliminary,"$15,917"
198902,2014-15,4/14/2016 3:54 PM,Final,"$14,088"
198902,2015-16,8/10/2016 4:42 PM,Preliminary,"$10,451"
198902,2016-17,8/2/2016 2:27 PM,Preliminary,"$15,027"
106901,2014-15,5/5/2016 8:15 AM,Final,"$8,384,264"
106901,2015-16,8/10/2016 4:42 PM,Preliminary,"$7,769,582"
106901,2016-17,8/2/2016 2:27 PM,Preliminary,"$7,958,293"
191901,2014-15,5/5/2016 8:15 AM,Final,$0
191901,2015-16,8/10/2016 4:42 PM,Preliminary,$0
191901,2016-17,8/2/2016 2:27 PM,Preliminary,$0
64903,2014-15,5/5/2016 8:15 AM,Final,"$49,771,815"
64903,2015-16,8/10/2016 4:42 PM,Preliminary,"$43,560,920"
64903,2016-17,8/2/2016 2:27 PM,Preliminary,"$45,129,226"
220919,2014-15,5/5/2016 8:15 AM,Final,"$14,221,643"
220919,2015-16,8/10/2016 4:42 PM,Preliminary,"$15,630,201"
220919,2016-17,8/2/2016 2:27 PM,Preliminary,"$20,957,167"
57903,2014-15,5/5/2016 8:15 AM,Final,$0
57903,2015-16,8/10/2016 4:42 PM,Preliminary,$0
57903,2016-17,8/2/2016 2:27 PM,Preliminary,$0
183902,2014-15,5/5/2016 8:15 AM,Final,"$14,235,343"
183902,2015-16,8/10/2016 4:42 PM,Preliminary,"$13,887,044"
183902,2016-17,8/2/2016 2:27 PM,Preliminary,"$15,195,649"
1902,2014-15,4/14/2016 3:54 PM,Final,$0
1902,2015-16,8/10/2016 4:42 PM,Preliminary,$0
1902,2016-17,8/2/2016 2:27 PM,Preliminary,$0
145902,2014-15,5/5/2016 8:15 AM,Final,$0
145902,2015-16,8/10/2016 4:42 PM,Preliminary,$0
145902,2016-17,8/2/2016 2:27 PM,Preliminary,$0
103901,2014-15,5/5/2016 8:15 AM,Final,"$1,179,299"
103901,2015-16,8/10/2016 4:42 PM,Preliminary,"$767,905"
103901,2016-17,8/2/2016 2:27 PM,Preliminary,"$439,890"
7901,2015-16,8/10/2016 4:42 PM,Preliminary,"$7,676"
249904,2014-15,5/5/2016 8:15 AM,Final,"$1,088,808"
249904,2015-16,8/10/2016 4:42 PM,Preliminary,"$1,158,820"
249904,2016-17,8/2/2016 2:27 PM,Preliminary,"$1,157,334"
99902,2014-15,5/5/2016 8:15 AM,Final,"$716,456"
99902,2015-16,8/10/2016 4:42 PM,Preliminary,"$372,883"
99902,2016-17,8/2/2016 2:27 PM,Preliminary,$595
174901,2014-15,5/5/2016 8:15 AM,Final,"$28,845"
174901,2015-16,8/10/2016 4:42 PM,Preliminary,$0
174901,2016-17,8/2/2016 2:27 PM,Preliminary,$0
139905,2014-15,5/5/2016 8:15 AM,Final,"$1,651,589"
139905,2015-16,8/10/2016 4:42 PM,Preliminary,"$945,758"
139905,2016-17,8/2/2016 2:27 PM,Preliminary,"$1,346,230"
226901,2014-15,5/5/2016 8:15 AM,Final,$0
226901,2016-17,8/2/2016 2:27 PM,Preliminary,$0
67902,2014-15,4/14/2016 3:54 PM,Final,"$236,424"
67902,2015-16,8/10/2016 4:42 PM,Preliminary,"$205,423"
67902,2016-17,8/2/2016 2:27 PM,Preliminary,"$432,785"
84910,2014-15,5/5/2016 8:15 AM,Final,$0
84910,2015-16,8/10/2016 4:42 PM,Preliminary,$0
84910,2016-17,8/2/2016 2:27 PM,Preliminary,$0
126903,2014-15,5/5/2016 8:15 AM,Final,"$93,950"
126903,2016-17,8/2/2016 2:27 PM,Preliminary,"$68,223"
18901,2014-15,5/5/2016 8:15 AM,Final,"$52,073"
18901,2015-16,8/10/2016 4:42 PM,Preliminary,$0
18901,2016-17,8/2/2016 2:27 PM,Preliminary,"$53,821"
114902,2014-15,5/5/2016 8:15 AM,Final,$0
114902,2015-16,8/10/2016 4:42 PM,Preliminary,$0
114902,2016-17,8/2/2016 2:27 PM,Preliminary,$0
204901,2014-15,5/5/2016 8:15 AM,Final,$0
204901,2015-16,8/10/2016 4:42 PM,Preliminary,$0
204901,2016-17,8/2/2016 2:27 PM,Preliminary,$0
21901,2014-15,5/5/2016 8:15 AM,Final,$0
21901,2015-16,8/10/2016 4:42 PM,Preliminary,$0
21901,2016-17,8/2/2016 2:27 PM,Preliminary,$0
45902,2014-15,5/5/2016 8:15 AM,Final,"$79,322"
45902,2015-16,8/10/2016 4:42 PM,Preliminary,$0
45902,2016-17,8/2/2016 2:27 PM,Preliminary,"$111,397"
46902,2014-15,5/5/2016 8:15 AM,Final,$0
46902,2015-16,8/10/2016 4:42 PM,Preliminary,$0
46902,2016-17,8/2/2016 2:27 PM,Preliminary,"$3,962,320"
130902,2014-15,5/5/2016 8:15 AM,Final,"$72,216"
130902,2015-16,8/10/2016 4:42 PM,Preliminary,$0
130902,2016-17,8/2/2016 2:27 PM,Preliminary,"$124,226"
233903,2014-15,5/5/2016 8:15 AM,Final,$0
233903,2015-16,8/10/2016 4:42 PM,Preliminary,"$94,818"
233903,2016-17,8/2/2016 2:27 PM,Preliminary,"$507,014"
170902,2014-15,5/5/2016 8:15 AM,Final,$0
170902,2015-16,8/10/2016 4:42 PM,Preliminary,$0
170902,2016-17,8/2/2016 2:27 PM,Preliminary,$0
57922,2014-15,5/5/2016 8:15 AM,Final,"$20,778,622"
57922,2015-16,8/10/2016 4:42 PM,Preliminary,"$23,492,550"
57922,2016-17,8/2/2016 2:27 PM,Preliminary,"$31,386,704"
142901,2014-15,5/5/2016 8:15 AM,Final,"$54,631,151"
142901,2015-16,8/10/2016 4:42 PM,Preliminary,"$55,819,209"
142901,2016-17,8/2/2016 2:27 PM,Preliminary,"$59,991,613"
246914,2014-15,4/14/2016 3:54 PM,Final,$0
246914,2015-16,8/10/2016 4:42 PM,Preliminary,$0
246914,2016-17,8/2/2016 2:27 PM,Preliminary,$0
52901,2014-15,5/5/2016 8:15 AM,Final,"$13,196,746"
52901,2015-16,8/10/2016 4:42 PM,Preliminary,"$8,004,136"
52901,2016-17,8/2/2016 2:27 PM,Preliminary,"$5,105,116"
53001,2014-15,5/5/2016 8:15 AM,Final,"$14,582,894"
53001,2015-16,8/10/2016 4:42 PM,Preliminary,"$12,213,843"
53001,2016-17,8/2/2016 2:27 PM,Preliminary,"$12,428,932"
78901,2014-15,4/14/2016 3:54 PM,Final,$0
78901,2015-16,8/10/2016 4:42 PM,Preliminary,"$104,212"
78901,2016-17,8/2/2016 2:27 PM,Preliminary,"$129,139"
254901,2016-17,8/2/2016 2:27 PM,Preliminary,"$244,755"
62901,2014-15,5/5/2016 8:15 AM,Final,"$655,466"
62901,2015-16,8/10/2016 4:42 PM,Preliminary,"$5,327,854"
62901,2016-17,8/2/2016 2:27 PM,Preliminary,"$1,240,286"
55901,2014-15,5/5/2016 8:15 AM,Final,"$149,924"
55901,2015-16,8/10/2016 4:42 PM,Preliminary,"$2,861,745"
55901,2016-17,8/2/2016 2:27 PM,Preliminary,"$5,085,632"
101907,2016-17,8/2/2016 2:27 PM,Preliminary,$0
172902,2014-15,5/5/2016 8:15 AM,Final,$0
172902,2015-16,8/10/2016 4:42 PM,Preliminary,"$239,096"
172902,2016-17,8/2/2016 2:27 PM,Preliminary,"$320,666"
56901,2016-17,8/2/2016 2:27 PM,Preliminary,"$14,213"
57905,2014-15,5/25/2016 9:00 AM,Final,$0
57905,2015-16,8/10/2016 4:42 PM,Preliminary,$0
57905,2016-17,8/2/2016 2:27 PM,Preliminary,$0
148905,2014-15,5/5/2016 8:15 AM,Final,"$375,526"
148905,2015-16,8/10/2016 4:42 PM,Preliminary,"$244,979"
148905,2016-17,8/2/2016 2:27 PM,Preliminary,"$19,919"
58902,2014-15,4/14/2016 3:54 PM,Final,"$925,968"
58902,2015-16,8/10/2016 4:42 PM,Preliminary,"$606,134"
58902,2016-17,8/2/2016 2:27 PM,Preliminary,"$107,837"
249905,2014-15,5/5/2016 8:15 AM,Final,"$3,348,499"
249905,2015-16,8/10/2016 4:42 PM,Preliminary,"$2,563,150"
249905,2016-17,8/2/2016 2:27 PM,Preliminary,"$3,394,505"
101908,2014-15,5/5/2016 8:15 AM,Final,"$2,488,759"
101908,2015-16,8/10/2016 4:42 PM,Preliminary,"$2,950,496"
101908,2016-17,8/2/2016 2:27 PM,Preliminary,"$2,943,695"
61901,2014-15,5/5/2016 8:15 AM,Final,$0
61901,2015-16,8/10/2016 4:42 PM,Preliminary,$0
61901,2016-17,8/2/2016 2:27 PM,Preliminary,$0
251901,2014-15,5/5/2016 8:15 AM,Final,"$17,603,412"
251901,2015-16,8/10/2016 4:42 PM,Preliminary,"$10,425,585"
251901,2016-17,8/2/2016 2:27 PM,Preliminary,"$7,087,635"
146903,2014-15,5/5/2016 8:15 AM,Final,"$1,336,648"
146903,2015-16,8/10/2016 4:42 PM,Preliminary,"$977,111"
146903,2016-17,8/2/2016 2:27 PM,Preliminary,"$867,245"
81906,2014-15,5/5/2016 8:15 AM,Final,"$655,406"
81906,2015-16,8/10/2016 4:42 PM,Preliminary,"$719,914"
81906,2016-17,8/2/2016 2:27 PM,Preliminary,"$934,400"
176903,2014-15,5/5/2016 8:15 AM,Final,"$685,998"
176903,2015-16,8/10/2016 4:42 PM,Preliminary,"$462,030"
176903,2016-17,8/2/2016 2:27 PM,Preliminary,"$680,194"
82902,2015-16,8/10/2016 4:42 PM,Preliminary,"$5,200,987"
144903,2014-15,4/14/2016 3:54 PM,Final,"$71,699"
144903,2015-16,8/10/2016 4:42 PM,Preliminary,"$75,833"
144903,2016-17,8/2/2016 2:27 PM,Preliminary,"$49,766"
133905,2014-15,4/14/2016 3:54 PM,Final,"$102,232"
133905,2015-16,8/10/2016 4:42 PM,Preliminary,"$38,510"
133905,2016-17,8/2/2016 2:27 PM,Preliminary,"$179,096"
86024,2014-15,4/14/2016 3:54 PM,Final,$0
86024,2015-16,8/10/2016 4:42 PM,Preliminary,$0
86024,2016-17,8/2/2016 2:27 PM,Preliminary,$0
105904,2014-15,5/5/2016 8:15 AM,Final,$0
105904,2015-16,8/10/2016 4:42 PM,Preliminary,$0
105904,2016-17,8/2/2016 2:27 PM,Preliminary,"$1,126,361"
171901,2014-15,5/5/2016 8:15 AM,Final,$0
171901,2015-16,8/10/2016 4:42 PM,Preliminary,$0
171901,2016-17,8/2/2016 2:27 PM,Preliminary,$0
227909,2014-15,5/5/2016 8:15 AM,Final,"$62,500,014"
227909,2015-16,8/10/2016 4:42 PM,Preliminary,"$69,904,513"
227909,2016-17,8/2/2016 2:27 PM,Preliminary,"$79,244,778"
68901,2014-15,5/5/2016 8:15 AM,Final,"$965,131"
68901,2015-16,8/10/2016 4:42 PM,Preliminary,$0
68901,2016-17,8/2/2016 2:27 PM,Preliminary,"$573,679"
48901,2014-15,4/14/2016 3:54 PM,Final,$0
48901,2015-16,8/10/2016 4:42 PM,Preliminary,$0
243902,2014-15,5/5/2016 8:15 AM,Final,$0
243902,2015-16,8/10/2016 4:42 PM,Preliminary,$0
243902,2016-17,8/2/2016 2:27 PM,Preliminary,$0
102906,2014-15,5/5/2016 8:15 AM,Final,"$14,752"
102906,2015-16,8/10/2016 4:42 PM,Preliminary,"$3,294"
49906,2014-15,5/5/2016 8:15 AM,Final,$0
49906,2016-17,8/2/2016 2:27 PM,Preliminary,$0
30906,2014-15,5/5/2016 8:15 AM,Final,"$13,864"
30906,2015-16,8/10/2016 4:42 PM,Preliminary,"$8,295"
30906,2016-17,8/2/2016 2:27 PM,Preliminary,"$49,587"
107905,2014-15,5/5/2016 8:15 AM,Final,$0
107905,2016-17,8/2/2016 2:27 PM,Preliminary,$0
121906,2014-15,5/5/2016 8:15 AM,Final,"$123,006"
121906,2015-16,8/10/2016 4:42 PM,Preliminary,"$119,760"
121906,2016-17,8/2/2016 2:27 PM,Preliminary,"$132,094"
210906,2015-16,8/10/2016 4:42 PM,Preliminary,$0
143906,2014-15,5/5/2016 8:15 AM,Final,"$303,347"
143906,2015-16,8/10/2016 4:42 PM,Preliminary,"$232,280"
143906,2016-17,8/2/2016 2:27 PM,Preliminary,"$288,408"
81902,2014-15,5/5/2016 8:15 AM,Final,"$5,911,169"
81902,2015-16,8/10/2016 4:42 PM,Preliminary,"$4,409,245"
81902,2016-17,8/2/2016 2:27 PM,Preliminary,"$5,971,257"
128904,2014-15,5/5/2016 8:15 AM,Final,"$6,472,920"
128904,2015-16,8/10/2016 4:42 PM,Preliminary,"$5,760,224"
128904,2016-17,8/2/2016 2:27 PM,Preliminary,"$5,319,469"
75906,2014-15,4/18/2016 2:02 PM,Final,"$53,144"
75906,2015-16,8/10/2016 4:42 PM,Preliminary,$0
75906,2016-17,8/2/2016 2:27 PM,Preliminary,"$317,501"
75901,2014-15,5/5/2016 8:15 AM,Final,"$57,769"
75901,2015-16,8/10/2016 4:42 PM,Preliminary,"$163,137"
75901,2016-17,8/2/2016 2:27 PM,Preliminary,"$214,265"
178914,2014-15,5/5/2016 8:15 AM,Final,$0
178914,2015-16,8/10/2016 4:42 PM,Preliminary,$0
178914,2016-17,8/2/2016 2:27 PM,Preliminary,$0
148902,2014-15,5/5/2016 8:15 AM,Final,"$1,178,023"
148902,2015-16,8/10/2016 4:42 PM,Preliminary,"$690,430"
148902,2016-17,8/2/2016 2:27 PM,Preliminary,"$171,455"
169910,2014-15,5/5/2016 8:15 AM,Final,"$1,902,473"
169910,2015-16,8/10/2016 4:42 PM,Preliminary,"$1,867,858"
169910,2016-17,8/2/2016 2:27 PM,Preliminary,"$1,956,720"
114904,2014-15,5/5/2016 8:15 AM,Final,"$2,220,897"
114904,2015-16,8/10/2016 4:42 PM,Preliminary,"$1,703,110"
114904,2016-17,8/2/2016 2:27 PM,Preliminary,"$632,495"
79907,2016-17,8/2/2016 2:27 PM,Preliminary,$0
242906,2014-15,5/5/2016 8:15 AM,Final,"$13,468,727"
242906,2015-16,8/10/2016 4:42 PM,Preliminary,"$11,928,684"
242906,2016-17,8/2/2016 2:27 PM,Preliminary,"$13,104,208"
186902,2014-15,5/5/2016 8:15 AM,Final,$0
186902,2015-16,8/10/2016 4:42 PM,Preliminary,$0
186902,2016-17,8/2/2016 2:27 PM,Preliminary,$0
198903,2014-15,5/5/2016 8:15 AM,Final,"$10,801,247"
198903,2015-16,8/10/2016 4:42 PM,Preliminary,"$8,130,108"
198903,2016-17,8/2/2016 2:27 PM,Preliminary,"$9,292,325"
86901,2014-15,5/5/2016 8:15 AM,Final,"$5,374,737"
86901,2015-16,8/10/2016 4:42 PM,Preliminary,"$5,301,920"
86901,2016-17,8/2/2016 2:27 PM,Preliminary,"$8,263,403"
84911,2014-15,5/5/2016 8:15 AM,Final,$0
84911,2015-16,8/10/2016 4:42 PM,Preliminary,$0
84911,2016-17,8/2/2016 2:27 PM,Preliminary,$0
43905,2014-15,5/11/2016 3:24 PM,Final,"$1,217,729"
43905,2015-16,8/10/2016 4:42 PM,Preliminary,"$2,144,789"
43905,2016-17,8/2/2016 2:27 PM,Preliminary,"$4,547,882"
122901,2015-16,8/10/2016 4:42 PM,Preliminary,"$54,140"
84902,2014-15,5/5/2016 8:15 AM,Final,"$12,309,283"
84902,2015-16,8/10/2016 4:42 PM,Preliminary,"$14,172,794"
84902,2016-17,8/2/2016 2:27 PM,Preliminary,"$19,398,953"
120902,2015-16,8/10/2016 4:42 PM,Preliminary,"$20,219"
184911,2014-15,5/25/2016 9:00 AM,Final,$0
184911,2015-16,8/10/2016 4:42 PM,Preliminary,"$223,728"
184911,2016-17,8/2/2016 2:27 PM,Preliminary,$0
183904,2014-15,5/5/2016 8:15 AM,Final,"$49,481"
183904,2015-16,8/10/2016 4:42 PM,Preliminary,"$41,199"
183904,2016-17,8/2/2016 2:27 PM,Preliminary,"$24,938"
149901,2014-15,5/5/2016 8:15 AM,Final,$0
149901,2015-16,8/10/2016 4:42 PM,Preliminary,$0
149901,2016-17,8/2/2016 2:27 PM,Preliminary,$0
246904,2014-15,5/5/2016 8:15 AM,Final,"$357,416"
246904,2015-16,8/10/2016 4:42 PM,Preliminary,"$471,897"
246904,2016-17,8/2/2016 2:27 PM,Preliminary,"$5,456,018"
87901,2014-15,5/5/2016 8:15 AM,Final,"$32,775,335"
87901,2015-16,8/10/2016 4:42 PM,Preliminary,"$22,651,155"
87901,2016-17,8/2/2016 2:27 PM,Preliminary,"$23,302,722"
213901,2014-15,5/5/2016 8:15 AM,Final,"$8,713,899"
213901,2015-16,8/10/2016 4:42 PM,Preliminary,"$3,914,175"
213901,2016-17,8/2/2016 2:27 PM,Preliminary,"$9,537,453"
126911,2014-15,5/5/2016 8:15 AM,Final,$0
126911,2015-16,8/10/2016 4:42 PM,Preliminary,"$70,791"
126911,2016-17,8/2/2016 2:27 PM,Preliminary,"$48,814"
169906,2014-15,5/5/2016 8:15 AM,Final,$0
169906,2015-16,8/10/2016 4:42 PM,Preliminary,$0
169906,2016-17,8/2/2016 2:27 PM,Preliminary,$0
167901,2015-16,8/10/2016 4:42 PM,Preliminary,"$40,529"
88902,2014-15,5/5/2016 8:15 AM,Final,"$132,242"
88902,2015-16,8/10/2016 4:42 PM,Preliminary,"$589,199"
88902,2016-17,8/2/2016 2:27 PM,Preliminary,"$144,147"
89901,2014-15,5/5/2016 8:15 AM,Final,"$834,945"
89901,2015-16,8/10/2016 4:42 PM,Preliminary,"$3,569,568"
89901,2016-17,8/2/2016 2:27 PM,Preliminary,"$293,061"
101911,2014-15,5/5/2016 8:15 AM,Final,$0
101911,2015-16,8/10/2016 4:42 PM,Preliminary,$0
101911,2016-17,8/2/2016 2:27 PM,Preliminary,$0
182901,2014-15,5/25/2016 9:00 AM,Final,$0
182901,2015-16,8/10/2016 4:42 PM,Preliminary,"$2,270"
182901,2016-17,8/2/2016 2:27 PM,Preliminary,$0
156905,2014-15,5/5/2016 8:15 AM,Final,"$16,666,173"
156905,2015-16,8/10/2016 4:42 PM,Preliminary,"$13,328,965"
156905,2016-17,8/2/2016 2:27 PM,Preliminary,"$13,582,844"
182902,2014-15,5/5/2016 8:15 AM,Final,"$6,408,801"
182902,2015-16,8/10/2016 4:42 PM,Preliminary,"$6,777,401"
182902,2016-17,8/2/2016 2:27 PM,Preliminary,"$7,260,938"
111901,2014-15,5/5/2016 8:15 AM,Final,"$5,415,282"
111901,2015-16,8/10/2016 4:42 PM,Preliminary,"$3,052,783"
111901,2016-17,8/2/2016 2:27 PM,Preliminary,"$3,486,864"
238904,2014-15,5/5/2016 8:15 AM,Final,"$305,906"
238904,2015-16,8/10/2016 4:42 PM,Preliminary,"$284,977"
238904,2016-17,8/2/2016 2:27 PM,Preliminary,$0
90905,2014-15,5/5/2016 8:15 AM,Final,"$669,429"
90905,2015-16,8/10/2016 4:42 PM,Preliminary,"$500,723"
90905,2016-17,8/2/2016 2:27 PM,Preliminary,"$259,706"
113902,2014-15,5/5/2016 8:15 AM,Final,"$6,814"
113902,2015-16,8/10/2016 4:42 PM,Preliminary,"$3,028"
113902,2016-17,8/2/2016 2:27 PM,Preliminary,"$5,970"
220906,2014-15,5/5/2016 8:15 AM,Final,"$24,389,169"
220906,2015-16,8/10/2016 4:42 PM,Preliminary,"$27,243,638"
220906,2016-17,8/2/2016 2:27 PM,Preliminary,"$29,213,584"
165902,2014-15,5/5/2016 8:15 AM,Final,"$65,048"
165902,2015-16,8/10/2016 4:42 PM,Preliminary,"$473,361"
165902,2016-17,8/2/2016 2:27 PM,Preliminary,"$858,196"
147902,2014-15,5/5/2016 8:15 AM,Final,"$4,833,937"
147902,2015-16,8/10/2016 4:42 PM,Preliminary,"$4,126,758"
147902,2016-17,8/2/2016 2:27 PM,Preliminary,"$4,034,181"
33901,2014-15,5/5/2016 8:15 AM,Final,"$1,213"
33901,2015-16,8/10/2016 4:42 PM,Preliminary,$0
33901,2016-17,8/2/2016 2:27 PM,Preliminary,"$2,501,977"
98901,2014-15,5/5/2016 8:15 AM,Final,$0
98901,2015-16,8/10/2016 4:42 PM,Preliminary,$0
98901,2016-17,8/2/2016 2:27 PM,Preliminary,$0
135001,2014-15,5/5/2016 8:15 AM,Final,"$301,578"
135001,2015-16,8/10/2016 4:42 PM,Preliminary,"$223,970"
135001,2016-17,8/2/2016 2:27 PM,Preliminary,"$126,593"
143901,2014-15,5/5/2016 8:15 AM,Final,"$132,199"
143901,2015-16,8/10/2016 4:42 PM,Preliminary,"$143,948"
143901,2016-17,8/2/2016 2:27 PM,Preliminary,"$138,169"
102904,2014-15,5/5/2016 8:15 AM,Final,$0
102904,2015-16,8/10/2016 4:42 PM,Preliminary,$0
102904,2016-17,8/2/2016 2:27 PM,Preliminary,$0
123914,2014-15,5/5/2016 8:15 AM,Final,$0
123914,2015-16,8/10/2016 4:42 PM,Preliminary,$0
100905,2014-15,5/5/2016 8:15 AM,Final,$0
100905,2015-16,8/10/2016 4:42 PM,Preliminary,$0
100905,2016-17,8/2/2016 2:27 PM,Preliminary,$0
86902,2014-15,4/14/2016 3:54 PM,Final,"$17,772"
86902,2015-16,8/10/2016 4:42 PM,Preliminary,$0
86902,2016-17,8/2/2016 2:27 PM,Preliminary,"$41,209"
244901,2014-15,4/14/2016 3:54 PM,Final,$0
244901,2015-16,8/10/2016 4:42 PM,Preliminary,$0
244901,2016-17,8/2/2016 2:27 PM,Preliminary,$0
103902,2014-15,5/5/2016 8:15 AM,Final,$0
103902,2015-16,8/10/2016 4:42 PM,Preliminary,$0
103902,2016-17,8/2/2016 2:27 PM,Preliminary,$0
250902,2014-15,5/5/2016 8:15 AM,Final,"$3,536,597"
250902,2015-16,8/10/2016 4:42 PM,Preliminary,"$2,897,208"
250902,2016-17,8/2/2016 2:27 PM,Preliminary,"$2,153,355"
198905,2014-15,5/5/2016 8:15 AM,Final,$0
198905,2016-17,8/2/2016 2:27 PM,Preliminary,$0
202903,2014-15,4/14/2016 3:54 PM,Final,$0
202903,2015-16,8/10/2016 4:42 PM,Preliminary,$0
202903,2016-17,8/2/2016 2:27 PM,Preliminary,$0
201902,2014-15,5/5/2016 8:15 AM,Final,$0
201902,2015-16,8/10/2016 4:42 PM,Preliminary,$0
201902,2016-17,8/2/2016 2:27 PM,Preliminary,$0
208901,2015-16,8/10/2016 4:42 PM,Preliminary,$0
148903,2014-15,5/5/2016 8:15 AM,Final,"$3,492,251"
148903,2015-16,8/10/2016 4:42 PM,Preliminary,"$2,380,865"
148903,2016-17,8/2/2016 2:27 PM,Preliminary,"$2,001,990"
84903,2015-16,8/10/2016 4:42 PM,Preliminary,$0
177905,2014-15,5/5/2016 8:15 AM,Final,"$95,548"
177905,2015-16,8/10/2016 4:42 PM,Preliminary,"$65,779"
177905,2016-17,8/2/2016 2:27 PM,Preliminary,"$20,354"
57911,2014-15,5/5/2016 8:15 AM,Final,"$75,165,751"
57911,2015-16,8/10/2016 4:42 PM,Preliminary,"$82,187,312"
57911,2016-17,8/2/2016 2:27 PM,Preliminary,"$90,352,957"
188903,2014-15,5/5/2016 8:15 AM,Final,"$2,994,377"
188903,2015-16,8/10/2016 4:42 PM,Preliminary,"$3,278,075"
188903,2016-17,8/2/2016 2:27 PM,Preliminary,"$3,513,409"
101912,2014-15,5/5/2016 8:15 AM,Final,$0
101912,2015-16,8/10/2016 4:42 PM,Preliminary,"$2,504,183"
101912,2016-17,8/2/2016 2:27 PM,Preliminary,"$175,159,799"
19913,2014-15,4/14/2016 3:54 PM,Final,$0
19913,2016-17,8/2/2016 2:27 PM,Preliminary,$0
72908,2014-15,5/19/2016 8:48 AM,Final,$0
72908,2015-16,8/10/2016 4:42 PM,Preliminary,$0
72908,2016-17,8/2/2016 2:27 PM,Preliminary,$0
146905,2014-15,5/5/2016 8:15 AM,Final,"$15,309"
146905,2015-16,8/10/2016 4:42 PM,Preliminary,"$2,502"
146905,2016-17,8/2/2016 2:27 PM,Preliminary,"$26,010"
133902,2014-15,5/16/2016 3:33 PM,Final,"$1,935,565"
133902,2015-16,8/10/2016 4:42 PM,Preliminary,"$2,137,690"
133902,2016-17,8/2/2016 2:27 PM,Preliminary,"$2,361,338"
220916,2015-16,8/10/2016 4:42 PM,Preliminary,$0
120905,2014-15,5/5/2016 8:15 AM,Final,"$147,814"
120905,2015-16,8/10/2016 4:42 PM,Preliminary,"$261,025"
120905,2016-17,8/2/2016 2:27 PM,Preliminary,"$177,596"
205903,2014-15,5/5/2016 8:15 AM,Final,"$390,104"
205903,2015-16,8/10/2016 4:42 PM,Preliminary,$0
205903,2016-17,8/2/2016 2:27 PM,Preliminary,"$2,923,618"
133904,2014-15,5/5/2016 8:15 AM,Final,$0
133904,2015-16,8/10/2016 4:42 PM,Preliminary,$0
133904,2016-17,8/2/2016 2:27 PM,Preliminary,$0
93903,2014-15,5/5/2016 8:15 AM,Final,"$17,769"
93903,2015-16,8/10/2016 4:42 PM,Preliminary,"$22,018"
93903,2016-17,8/2/2016 2:27 PM,Preliminary,"$26,103"
208903,2014-15,5/5/2016 8:15 AM,Final,"$96,352"
208903,2015-16,8/10/2016 4:42 PM,Preliminary,"$78,924"
208903,2016-17,8/2/2016 2:27 PM,Preliminary,$0
186903,2014-15,5/5/2016 8:15 AM,Final,"$13,700,626"
186903,2015-16,8/10/2016 4:42 PM,Preliminary,"$8,657,431"
186903,2016-17,8/2/2016 2:27 PM,Preliminary,"$6,159,586"
18906,2014-15,5/5/2016 8:15 AM,Final,"$4,171"
18906,2015-16,8/10/2016 4:42 PM,Preliminary,$0
18906,2016-17,8/2/2016 2:27 PM,Preliminary,"$10,249"
118902,2014-15,5/5/2016 8:15 AM,Final,"$11,155,066"
118902,2015-16,8/10/2016 4:42 PM,Preliminary,"$10,845,307"
118902,2016-17,8/2/2016 2:27 PM,Preliminary,"$11,448,073"
119902,2014-15,5/5/2016 8:15 AM,Final,"$3,188,984"
119902,2015-16,8/10/2016 4:42 PM,Preliminary,"$3,771,045"
119902,2016-17,8/2/2016 2:27 PM,Preliminary,"$4,043,389"
246907,2014-15,5/5/2016 8:15 AM,Final,$0
246907,2015-16,8/10/2016 4:42 PM,Preliminary,$0
246907,2016-17,8/2/2016 2:27 PM,Preliminary,$0
132902,2014-15,4/14/2016 3:54 PM,Final,"$5,526,864"
132902,2015-16,8/10/2016 4:42 PM,Preliminary,"$3,428,384"
132902,2016-17,8/2/2016 2:27 PM,Preliminary,"$2,980,089"
155901,2015-16,8/10/2016 4:42 PM,Preliminary,$0
155901,2016-17,8/2/2016 2:27 PM,Preliminary,"$43,147"
16901,2014-15,5/5/2016 8:15 AM,Final,"$144,667"
16901,2015-16,8/10/2016 4:42 PM,Preliminary,"$139,842"
16901,2016-17,8/2/2016 2:27 PM,Preliminary,"$764,494"
7902,2014-15,4/14/2016 3:54 PM,Final,$0
7902,2015-16,8/10/2016 4:42 PM,Preliminary,"$132,101"
7902,2016-17,8/2/2016 2:27 PM,Preliminary,"$122,086"
134901,2015-16,8/10/2016 4:42 PM,Preliminary,$0
102901,2014-15,4/18/2016 2:02 PM,Final,"$785,260"
102901,2015-16,8/10/2016 4:42 PM,Preliminary,"$942,705"
102901,2016-17,8/2/2016 2:27 PM,Preliminary,"$773,524"
128901,2014-15,5/5/2016 8:15 AM,Final,"$51,336,459"
128901,2015-16,8/10/2016 4:42 PM,Preliminary,"$48,590,712"
128901,2016-17,8/2/2016 2:27 PM,Preliminary,"$51,040,970"
220907,2016-17,8/2/2016 2:27 PM,Preliminary,"$42,640"
242905,2014-15,5/5/2016 8:15 AM,Final,"$6,598,569"
242905,2015-16,8/10/2016 4:42 PM,Preliminary,"$6,503,529"
242905,2016-17,8/2/2016 2:27 PM,Preliminary,"$6,956,652"
131001,2014-15,5/5/2016 8:15 AM,Final,"$6,869,114"
131001,2015-16,8/10/2016 4:42 PM,Preliminary,"$7,902,422"
131001,2016-17,8/2/2016 2:27 PM,Preliminary,"$8,728,250"
128902,2014-15,5/5/2016 8:15 AM,Final,"$9,773,863"
128902,2015-16,8/10/2016 4:42 PM,Preliminary,"$7,190,330"
128902,2016-17,8/2/2016 2:27 PM,Preliminary,"$8,898,709"
248901,2014-15,5/5/2016 8:15 AM,Final,"$14,333"
248901,2015-16,8/10/2016 4:42 PM,Preliminary,"$157,819"
133903,2014-15,5/5/2016 8:15 AM,Final,$0
133903,2015-16,8/10/2016 4:42 PM,Preliminary,$0
133903,2016-17,8/2/2016 2:27 PM,Preliminary,$0
92902,2014-15,5/5/2016 8:15 AM,Final,$0
92902,2015-16,8/10/2016 4:42 PM,Preliminary,$0
92902,2016-17,8/2/2016 2:27 PM,Preliminary,$0
58905,2014-15,5/5/2016 8:15 AM,Final,"$10,659,011"
58905,2015-16,8/10/2016 4:42 PM,Preliminary,"$8,333,524"
58905,2016-17,8/2/2016 2:27 PM,Preliminary,"$8,516,322"
125906,2015-16,8/10/2016 4:42 PM,Preliminary,$0
75902,2014-15,4/14/2016 3:54 PM,Final,$0
75902,2015-16,8/10/2016 4:42 PM,Preliminary,$0
75902,2016-17,8/2/2016 2:27 PM,Preliminary,$0
84904,2014-15,5/5/2016 8:15 AM,Final,$0
84904,2015-16,8/10/2016 4:42 PM,Preliminary,$0
84904,2016-17,8/2/2016 2:27 PM,Preliminary,"$2,177,691"
101916,2014-15,5/5/2016 8:15 AM,Final,"$20,835,112"
101916,2015-16,8/10/2016 4:42 PM,Preliminary,"$24,963,242"
101916,2016-17,8/2/2016 2:27 PM,Preliminary,"$33,515,307"
227912,2014-15,5/5/2016 8:15 AM,Final,"$3,736,939"
227912,2015-16,8/10/2016 4:42 PM,Preliminary,"$3,544,746"
227912,2016-17,8/2/2016 2:27 PM,Preliminary,"$3,674,421"
227913,2014-15,5/5/2016 8:15 AM,Final,"$27,915,005"
227913,2015-16,8/10/2016 4:42 PM,Preliminary,"$32,951,679"
227913,2016-17,8/2/2016 2:27 PM,Preliminary,"$38,880,437"
79901,2014-15,5/5/2016 8:15 AM,Final,$0
79901,2015-16,8/10/2016 4:42 PM,Preliminary,$0
79901,2016-17,8/2/2016 2:27 PM,Preliminary,$0
201903,2014-15,4/14/2016 3:54 PM,Final,$0
201903,2015-16,8/10/2016 4:42 PM,Preliminary,"$3,330"
201903,2016-17,8/2/2016 2:27 PM,Preliminary,"$1,992"
107910,2014-15,5/5/2016 8:15 AM,Final,$0
107910,2015-16,8/10/2016 4:42 PM,Preliminary,$0
107910,2016-17,8/2/2016 2:27 PM,Preliminary,$0
185904,2014-15,4/14/2016 3:54 PM,Final,$0
185904,2016-17,8/2/2016 2:27 PM,Preliminary,$0
193902,2014-15,5/5/2016 8:15 AM,Final,"$430,427"
193902,2015-16,8/10/2016 4:42 PM,Preliminary,"$300,269"
193902,2016-17,8/2/2016 2:27 PM,Preliminary,"$646,197"
246913,2014-15,5/5/2016 8:15 AM,Final,"$247,242"
246913,2015-16,8/10/2016 4:42 PM,Preliminary,"$538,431"
246913,2016-17,8/2/2016 2:27 PM,Preliminary,"$922,563"
19914,2016-17,8/2/2016 2:27 PM,Preliminary,$0
90902,2014-15,5/5/2016 8:15 AM,Final,"$528,707"
90902,2015-16,8/10/2016 4:42 PM,Preliminary,"$306,264"
90902,2016-17,8/2/2016 2:27 PM,Preliminary,"$90,213"
187906,2014-15,5/5/2016 8:15 AM,Final,$0
187906,2015-16,8/10/2016 4:42 PM,Preliminary,$0
187906,2016-17,8/2/2016 2:27 PM,Preliminary,$0
145911,2014-15,5/5/2016 8:15 AM,Final,"$915,814"
145911,2015-16,8/10/2016 4:42 PM,Preliminary,"$1,491,669"
145911,2016-17,8/2/2016 2:27 PM,Preliminary,"$1,411,282"
110902,2014-15,5/5/2016 8:15 AM,Final,$0
110902,2015-16,8/10/2016 4:42 PM,Preliminary,$0
110902,2016-17,8/2/2016 2:27 PM,Preliminary,$0
61902,2014-15,5/5/2016 8:15 AM,Final,$0
61902,2015-16,8/10/2016 4:42 PM,Preliminary,$0
61902,2016-17,8/2/2016 2:27 PM,Preliminary,$0
146906,2014-15,5/5/2016 8:15 AM,Final,$0
146906,2015-16,8/10/2016 4:42 PM,Preliminary,$0
146906,2016-17,8/2/2016 2:27 PM,Preliminary,$0
49907,2014-15,5/5/2016 8:15 AM,Final,"$740,690"
49907,2015-16,8/10/2016 4:42 PM,Preliminary,"$646,949"
49907,2016-17,8/2/2016 2:27 PM,Preliminary,"$336,768"
111902,2014-15,5/25/2016 9:00 AM,Final,"$10,518"
111902,2015-16,8/10/2016 4:42 PM,Preliminary,"$3,330"
111902,2016-17,8/2/2016 2:27 PM,Preliminary,"$9,348"
61914,2016-17,8/2/2016 2:27 PM,Preliminary,"$29,824"
150901,2014-15,5/5/2016 8:15 AM,Final,"$17,953,338"
150901,2015-16,8/10/2016 4:42 PM,Preliminary,"$17,876,437"
150901,2016-17,8/2/2016 2:27 PM,Preliminary,"$19,757,475"
92903,2014-15,5/5/2016 8:15 AM,Final,$0
92903,2015-16,8/10/2016 4:42 PM,Preliminary,$0
92903,2016-17,8/2/2016 2:27 PM,Preliminary,$0
83902,2014-15,5/5/2016 8:15 AM,Final,"$2,722,304"
83902,2015-16,8/10/2016 4:42 PM,Preliminary,"$1,606,866"
83902,2016-17,8/2/2016 2:27 PM,Preliminary,"$1,328,013"
168902,2015-16,8/10/2016 4:42 PM,Preliminary,$0
54902,2014-15,4/14/2016 3:54 PM,Final,$0
54902,2015-16,8/10/2016 4:42 PM,Preliminary,$0
54902,2016-17,8/2/2016 2:27 PM,Preliminary,$0
241906,2015-16,8/10/2016 4:42 PM,Preliminary,"$13,881"
43919,2014-15,5/5/2016 8:15 AM,Final,$0
43919,2015-16,8/10/2016 4:42 PM,Preliminary,$0
43919,2016-17,8/2/2016 2:27 PM,Preliminary,$0
113903,2014-15,4/14/2016 3:54 PM,Final,"$27,012"
113903,2015-16,8/10/2016 4:42 PM,Preliminary,"$34,494"
113903,2016-17,8/2/2016 2:27 PM,Preliminary,"$30,405"
152906,2015-16,8/10/2016 4:42 PM,Preliminary,$0
127905,2015-16,8/10/2016 4:42 PM,Preliminary,"$9,436"
245902,2014-15,5/5/2016 8:15 AM,Final,"$29,948"
245902,2016-17,8/2/2016 2:27 PM,Preliminary,$0
170906,2016-17,8/2/2016 2:27 PM,Preliminary,"$3,321"
107906,2014-15,5/25/2016 9:00 AM,Final,"$1,800,795"
107906,2015-16,8/10/2016 4:42 PM,Preliminary,"$1,531,275"
107906,2016-17,8/2/2016 2:27 PM,Preliminary,"$2,334,935"
22902,2015-16,8/10/2016 4:42 PM,Preliminary,"$1,617"
27904,2014-15,5/5/2016 8:15 AM,Final,"$3,228,076"
27904,2015-16,8/10/2016 4:42 PM,Preliminary,"$2,043,878"
27904,2016-17,8/2/2016 2:27 PM,Preliminary,"$4,385,722"
189901,2015-16,8/10/2016 4:42 PM,Preliminary,$0
94904,2014-15,5/5/2016 8:15 AM,Final,"$28,431"
94904,2015-16,8/10/2016 4:42 PM,Preliminary,"$51,023"
94904,2016-17,8/2/2016 2:27 PM,Preliminary,"$132,848"
102902,2014-15,5/5/2016 8:15 AM,Final,$0
102902,2015-16,8/10/2016 4:42 PM,Preliminary,$0
102902,2016-17,8/2/2016 2:27 PM,Preliminary,$0
158904,2014-15,5/5/2016 8:15 AM,Final,"$998,264"
158904,2015-16,8/10/2016 4:42 PM,Preliminary,"$987,309"
158904,2016-17,8/2/2016 2:27 PM,Preliminary,"$1,144,271"
25905,2014-15,5/5/2016 8:15 AM,Final,$0
25905,2015-16,8/10/2016 4:42 PM,Preliminary,$0
25905,2016-17,8/2/2016 2:27 PM,Preliminary,"$16,287"
231901,2014-15,5/5/2016 8:15 AM,Final,"$8,261,653"
231901,2015-16,8/10/2016 4:42 PM,Preliminary,"$8,295,610"
231901,2016-17,8/2/2016 2:27 PM,Preliminary,"$5,799,721"
43907,2014-15,5/5/2016 8:15 AM,Final,"$295,455"
43907,2015-16,8/10/2016 4:42 PM,Preliminary,"$1,091,597"
43907,2016-17,8/2/2016 2:27 PM,Preliminary,"$2,138,730"
90903,2014-15,5/5/2016 8:15 AM,Final,$0
90903,2015-16,8/10/2016 4:42 PM,Preliminary,$0
90903,2016-17,8/2/2016 2:27 PM,Preliminary,$0
162904,2014-15,5/5/2016 8:15 AM,Final,"$34,028,906"
162904,2015-16,8/10/2016 4:42 PM,Preliminary,"$27,124,956"
162904,2016-17,8/2/2016 2:27 PM,Preliminary,"$29,102,825"
10901,2014-15,4/14/2016 3:54 PM,Final,"$28,810"
10901,2015-16,8/10/2016 4:42 PM,Preliminary,"$26,005"
10901,2016-17,8/2/2016 2:27 PM,Preliminary,"$111,656"
62906,2014-15,4/14/2016 3:54 PM,Final,$0
62906,2015-16,8/10/2016 4:42 PM,Preliminary,$0
62906,2016-17,8/2/2016 2:27 PM,Preliminary,$0
197902,2014-15,5/5/2016 8:15 AM,Final,"$7,300,664"
197902,2015-16,8/10/2016 4:42 PM,Preliminary,"$7,857,081"
197902,2016-17,8/2/2016 2:27 PM,Preliminary,"$8,335,461"
165901,2014-15,5/5/2016 8:15 AM,Final,"$32,077,635"
165901,2015-16,8/10/2016 4:42 PM,Preliminary,"$49,310,903"
165901,2016-17,8/2/2016 2:27 PM,Preliminary,"$53,428,802"
39905,2014-15,4/14/2016 3:54 PM,Final,$0
39905,2015-16,8/10/2016 4:42 PM,Preliminary,$0
39905,2016-17,8/2/2016 2:27 PM,Preliminary,$0
161903,2014-15,5/5/2016 8:15 AM,Final,"$723,131"
161903,2015-16,8/10/2016 4:42 PM,Preliminary,"$799,772"
161903,2016-17,8/2/2016 2:27 PM,Preliminary,"$937,062"
175910,2014-15,5/5/2016 8:15 AM,Final,"$70,678"
175910,2015-16,8/10/2016 4:42 PM,Preliminary,"$77,820"
175910,2016-17,8/2/2016 2:27 PM,Preliminary,"$79,094"
184904,2014-15,5/5/2016 8:36 AM,Final,$0
184904,2016-17,8/2/2016 2:27 PM,Preliminary,$0
238902,2014-15,5/5/2016 8:15 AM,Final,"$4,268,165"
238902,2015-16,8/10/2016 4:42 PM,Preliminary,"$7,649,100"
238902,2016-17,8/2/2016 2:27 PM,Preliminary,"$6,880,835"
170903,2014-15,5/5/2016 8:15 AM,Final,"$229,767"
170903,2015-16,8/10/2016 4:42 PM,Preliminary,$0
170903,2016-17,8/2/2016 2:27 PM,Preliminary,"$367,212"
72910,2014-15,5/19/2016 8:48 AM,Final,"$12,907"
72910,2015-16,8/10/2016 4:42 PM,Preliminary,$0
72910,2016-17,8/2/2016 2:27 PM,Preliminary,"$17,313"
173901,2016-17,8/2/2016 2:27 PM,Preliminary,$0
143902,2014-15,5/5/2016 8:15 AM,Final,"$2,440,278"
143902,2015-16,8/10/2016 4:42 PM,Preliminary,"$2,203,550"
143902,2016-17,8/2/2016 2:27 PM,Preliminary,"$1,581,109"
80901,2014-15,5/5/2016 8:15 AM,Final,"$59,088"
80901,2015-16,8/10/2016 4:42 PM,Preliminary,"$58,567"
80901,2016-17,8/2/2016 2:27 PM,Preliminary,"$63,939"
49902,2014-15,5/5/2016 8:15 AM,Final,"$45,198"
49902,2015-16,8/10/2016 4:42 PM,Preliminary,"$48,295"
49902,2016-17,8/2/2016 2:27 PM,Preliminary,"$41,608"
94903,2016-17,8/2/2016 2:27 PM,Preliminary,$0
93904,2014-15,5/5/2016 8:15 AM,Final,$0
93904,2015-16,8/10/2016 4:42 PM,Preliminary,$0
93904,2016-17,8/2/2016 2:27 PM,Preliminary,$0
123905,2014-15,5/5/2016 8:15 AM,Final,$0
123905,2015-16,8/10/2016 4:42 PM,Preliminary,$0
123905,2016-17,8/2/2016 2:27 PM,Preliminary,$0
46901,2014-15,5/25/2016 9:00 AM,Final,$0
46901,2015-16,8/10/2016 4:42 PM,Preliminary,$0
46901,2016-17,8/2/2016 2:27 PM,Preliminary,$0
89903,2014-15,5/5/2016 8:15 AM,Final,"$285,144"
89903,2015-16,8/10/2016 4:42 PM,Preliminary,"$4,345,789"
89903,2016-17,8/2/2016 2:27 PM,Preliminary,"$1,509,525"
62902,2014-15,5/5/2016 8:15 AM,Final,"$5,650,215"
62902,2015-16,8/10/2016 4:42 PM,Preliminary,"$5,861,982"
62902,2016-17,8/2/2016 2:27 PM,Preliminary,"$6,775,648"
145906,2014-15,5/5/2016 8:15 AM,Final,$0
145906,2015-16,8/10/2016 4:42 PM,Preliminary,$0
145906,2016-17,8/2/2016 2:27 PM,Preliminary,$0
15910,2014-15,5/5/2016 8:15 AM,Final,$0
15910,2015-16,8/10/2016 4:42 PM,Preliminary,$0
15910,2016-17,8/2/2016 2:27 PM,Preliminary,$0
154903,2014-15,5/5/2016 8:15 AM,Final,"$1,486,741"
154903,2015-16,8/10/2016 4:42 PM,Preliminary,"$958,134"
154903,2016-17,8/2/2016 2:27 PM,Preliminary,"$445,215"
15915,2016-17,8/2/2016 2:27 PM,Preliminary,$0
244905,2014-15,5/5/2016 8:36 AM,Final,$0
244905,2016-17,8/2/2016 2:27 PM,Preliminary,$0
61911,2014-15,5/5/2016 8:15 AM,Final,$0
61911,2015-16,8/10/2016 4:42 PM,Preliminary,$0
61911,2016-17,8/2/2016 2:27 PM,Preliminary,$0
69902,2014-15,4/14/2016 3:54 PM,Final,"$30,507"
69902,2015-16,8/10/2016 4:42 PM,Preliminary,"$38,333"
69902,2016-17,8/2/2016 2:27 PM,Preliminary,"$46,358"
235904,2014-15,5/5/2016 8:15 AM,Final,"$1,033,652"
235904,2015-16,8/10/2016 4:42 PM,Preliminary,"$1,298,747"
235904,2016-17,8/2/2016 2:27 PM,Preliminary,"$1,407,984"
145907,2016-17,8/2/2016 2:27 PM,Preliminary,$0
153903,2014-15,5/5/2016 8:15 AM,Final,"$56,658"
153903,2016-17,8/2/2016 2:27 PM,Preliminary,$0
252903,2014-15,5/5/2016 8:15 AM,Final,$0
252903,2016-17,8/2/2016 2:27 PM,Preliminary,$0
51901,2015-16,8/10/2016 4:42 PM,Preliminary,$0
104907,2015-16,8/10/2016 4:42 PM,Preliminary,$0
48903,2014-15,5/5/2016 8:15 AM,Final,$0
48903,2016-17,8/2/2016 2:27 PM,Preliminary,$0
158905,2014-15,5/5/2016 8:15 AM,Final,"$3,517,625"
158905,2015-16,8/10/2016 4:42 PM,Preliminary,"$1,753,313"
158905,2016-17,8/2/2016 2:27 PM,Preliminary,"$2,611,056"
182906,2014-15,5/5/2016 8:15 AM,Final,"$3,945,680"
182906,2015-16,8/10/2016 4:42 PM,Preliminary,"$4,201,721"
182906,2016-17,8/2/2016 2:27 PM,Preliminary,"$4,402,162"
33902,2014-15,5/5/2016 8:15 AM,Final,$0
33902,2015-16,8/10/2016 4:42 PM,Preliminary,"$207,137"
33902,2016-17,8/2/2016 2:27 PM,Preliminary,"$2,558,677"
42905,2014-15,5/5/2016 8:15 AM,Final,"$11,286"
42905,2015-16,8/10/2016 4:42 PM,Preliminary,"$8,732"
42905,2016-17,8/2/2016 2:27 PM,Preliminary,"$9,800"
249906,2016-17,8/2/2016 2:27 PM,Preliminary,$0
13902,2014-15,5/5/2016 8:15 AM,Final,"$2,496,046"
13902,2015-16,8/10/2016 4:42 PM,Preliminary,"$2,554,331"
13902,2016-17,8/2/2016 2:27 PM,Preliminary,"$3,115,730"
82903,2014-15,5/5/2016 8:15 AM,Final,"$402,350"
82903,2015-16,8/10/2016 4:42 PM,Preliminary,"$524,705"
82903,2016-17,8/2/2016 2:27 PM,Preliminary,"$701,580"
195901,2014-15,5/5/2016 8:15 AM,Final,"$11,655,091"
195901,2015-16,8/10/2016 4:42 PM,Preliminary,"$19,946,239"
195901,2016-17,8/2/2016 2:27 PM,Preliminary,"$21,903,077"
119903,2014-15,5/5/2016 8:15 AM,Final,"$368,657"
119903,2015-16,8/10/2016 4:42 PM,Preliminary,"$526,450"
119903,2016-17,8/2/2016 2:27 PM,Preliminary,"$1,334,457"
179901,2014-15,5/5/2016 8:15 AM,Final,$0
179901,2015-16,8/10/2016 4:42 PM,Preliminary,"$2,940,457"
179901,2016-17,8/2/2016 2:27 PM,Preliminary,"$2,394,511"
13903,2014-15,5/5/2016 8:15 AM,Final,$0
13903,2015-16,8/10/2016 4:42 PM,Preliminary,"$1,252,750"
13903,2016-17,8/2/2016 2:27 PM,Preliminary,"$1,570,890"
227904,2016-17,8/2/2016 2:27 PM,Preliminary,$0
61903,2016-17,8/2/2016 2:27 PM,Preliminary,$0
251902,2014-15,5/5/2016 8:15 AM,Final,"$6,387,255"
251902,2015-16,8/10/2016 4:42 PM,Preliminary,"$3,967,067"
251902,2016-17,8/2/2016 2:27 PM,Preliminary,"$2,955,752"
43910,2014-15,5/5/2016 8:15 AM,Final,"$45,231,695"
43910,2015-16,8/10/2016 4:42 PM,Preliminary,"$61,298,136"
43910,2016-17,8/2/2016 2:27 PM,Preliminary,"$105,944,368"
19912,2014-15,5/5/2016 8:15 AM,Final,"$7,231"
19912,2016-17,8/2/2016 2:27 PM,Preliminary,"$1,831"
7905,2014-15,5/5/2016 8:15 AM,Final,$0
7905,2015-16,8/10/2016 4:42 PM,Preliminary,$0
7905,2016-17,8/2/2016 2:27 PM,Preliminary,$0
117904,2014-15,5/5/2016 8:15 AM,Final,"$5,084,529"
117904,2015-16,8/10/2016 4:42 PM,Preliminary,"$3,869,045"
117904,2016-17,8/2/2016 2:27 PM,Preliminary,"$3,349,724"
31909,2014-15,5/5/2016 8:15 AM,Final,"$16,719,512"
31909,2015-16,8/10/2016 4:42 PM,Preliminary,"$15,537,996"
31909,2016-17,8/2/2016 2:27 PM,Preliminary,"$16,905,263"
61906,2014-15,5/5/2016 8:15 AM,Final,$0
61906,2015-16,8/10/2016 4:42 PM,Preliminary,$0
61906,2016-17,8/2/2016 2:27 PM,Preliminary,$0
178908,2014-15,5/5/2016 8:15 AM,Final,"$14,410,401"
178908,2015-16,8/10/2016 4:42 PM,Preliminary,"$16,774,256"
178908,2016-17,8/2/2016 2:27 PM,Preliminary,"$17,441,454"
123907,2014-15,5/5/2016 8:15 AM,Final,$0
123907,2015-16,8/10/2016 4:42 PM,Preliminary,$0
123907,2016-17,8/2/2016 2:27 PM,Preliminary,$0
123908,2014-15,5/25/2016 3:30 PM,Final,$0
123908,2015-16,8/10/2016 4:42 PM,Preliminary,$0
123908,2016-17,8/2/2016 2:27 PM,Preliminary,$0
85902,2014-15,5/5/2016 8:15 AM,Final,"$1,100,173"
85902,2015-16,8/10/2016 4:42 PM,Preliminary,"$635,667"
85902,2016-17,8/2/2016 2:27 PM,Preliminary,"$5,604"
247904,2014-15,5/5/2016 8:15 AM,Final,$0
247904,2015-16,8/10/2016 4:42 PM,Preliminary,$0
91913,2014-15,5/5/2016 8:15 AM,Final,"$26,397"
91913,2015-16,8/10/2016 4:42 PM,Preliminary,$0
91913,2016-17,8/2/2016 2:27 PM,Preliminary,"$36,450"
28906,2014-15,4/14/2016 3:54 PM,Final,"$124,079"
28906,2015-16,8/10/2016 4:42 PM,Preliminary,"$242,760"
28906,2016-17,8/2/2016 2:27 PM,Preliminary,"$86,985"
169909,2014-15,4/14/2016 3:54 PM,Final,"$262,047"
169909,2015-16,8/10/2016 4:42 PM,Preliminary,"$252,276"
169909,2016-17,8/2/2016 2:27 PM,Preliminary,$0
98903,2014-15,5/5/2016 8:15 AM,Final,"$607,776"
98903,2015-16,8/10/2016 4:42 PM,Preliminary,"$425,974"
98903,2016-17,8/2/2016 2:27 PM,Preliminary,"$347,996"
43912,2014-15,5/5/2016 8:15 AM,Final,$0
43912,2016-17,8/2/2016 2:27 PM,Preliminary,"$257,880"
99903,2015-16,8/10/2016 4:42 PM,Preliminary,$987
231902,2014-15,5/5/2016 8:15 AM,Final,"$35,032,326"
231902,2015-16,8/10/2016 4:42 PM,Preliminary,"$23,571,732"
231902,2016-17,8/2/2016 2:27 PM,Preliminary,"$27,514,257"
192901,2014-15,5/5/2016 8:15 AM,Final,"$22,843,015"
192901,2015-16,8/10/2016 4:42 PM,Preliminary,"$18,744,359"
192901,2016-17,8/2/2016 2:27 PM,Preliminary,"$19,444,164"
19911,2014-15,5/5/2016 8:15 AM,Final,$0
19911,2016-17,8/2/2016 2:27 PM,Preliminary,$0
196903,2014-15,5/5/2016 8:15 AM,Final,"$93,301"
196903,2015-16,8/10/2016 4:42 PM,Preliminary,"$136,029"
196903,2016-17,8/2/2016 2:27 PM,Preliminary,"$20,547"
45903,2015-16,8/10/2016 4:42 PM,Preliminary,$0
93905,2014-15,4/14/2016 3:54 PM,Final,"$5,818"
93905,2015-16,8/10/2016 4:42 PM,Preliminary,"$79,192"
93905,2016-17,8/2/2016 2:27 PM,Preliminary,"$40,249"
57916,2014-15,5/5/2016 8:15 AM,Final,$0
57916,2015-16,8/10/2016 4:42 PM,Preliminary,$0
57916,2016-17,8/2/2016 2:27 PM,Preliminary,$0
161912,2014-15,5/5/2016 8:15 AM,Final,"$766,631"
161912,2015-16,8/10/2016 4:42 PM,Preliminary,"$1,418,672"
161912,2016-17,8/2/2016 2:27 PM,Preliminary,"$1,337,829"
137903,2014-15,4/14/2016 3:54 PM,Final,$0
137903,2015-16,8/10/2016 4:42 PM,Preliminary,$0
137903,2016-17,8/2/2016 2:27 PM,Preliminary,$0
41902,2014-15,5/5/2016 8:15 AM,Final,$0
41902,2015-16,8/10/2016 4:42 PM,Preliminary,$0
41902,2016-17,8/2/2016 2:27 PM,Preliminary,$0
160904,2014-15,4/18/2016 2:02 PM,Final,$0
160904,2016-17,8/2/2016 2:27 PM,Preliminary,$0
166904,2014-15,5/5/2016 8:15 AM,Final,$0
166904,2015-16,8/10/2016 4:42 PM,Preliminary,$0
166904,2016-17,8/2/2016 2:27 PM,Preliminary,$0
69901,2014-15,5/5/2016 8:15 AM,Final,"$12,587"
69901,2015-16,8/10/2016 4:42 PM,Preliminary,"$395,003"
69901,2016-17,8/2/2016 2:27 PM,Preliminary,"$440,379"
199901,2014-15,5/5/2016 8:15 AM,Final,$0
199901,2015-16,8/10/2016 4:42 PM,Preliminary,$0
199901,2016-17,8/2/2016 2:27 PM,Preliminary,$0
177901,2014-15,5/5/2016 8:15 AM,Final,$0
177901,2016-17,8/2/2016 2:27 PM,Preliminary,$0
177901,2014-15,5/5/2016 8:15 AM,Final,$0
177901,2016-17,8/2/2016 2:27 PM,Preliminary,$0
246909,2014-15,5/5/2016 8:15 AM,Final,$0
246909,2015-16,8/10/2016 4:42 PM,Preliminary,$0
246909,2016-17,8/2/2016 2:27 PM,Preliminary,$0
75908,2014-15,5/5/2016 8:15 AM,Final,"$1,073,241"
75908,2015-16,8/10/2016 4:42 PM,Preliminary,"$866,964"
75908,2016-17,8/2/2016 2:27 PM,Preliminary,"$795,673"
139908,2015-16,8/10/2016 4:42 PM,Preliminary,"$7,952"
237905,2016-17,8/2/2016 2:27 PM,Preliminary,$0
128903,2014-15,5/5/2016 8:15 AM,Final,"$5,972,617"
128903,2015-16,8/10/2016 4:42 PM,Preliminary,"$5,078,835"
128903,2016-17,8/2/2016 2:27 PM,Preliminary,"$3,037,926"
232902,2015-16,8/10/2016 4:42 PM,Preliminary,"$15,012"
123913,2014-15,6/2/2016 7:43 AM,Final,"$2,656,864"
123913,2015-16,8/10/2016 4:42 PM,Preliminary,"$1,837,945"
123913,2016-17,8/2/2016 2:27 PM,Preliminary,"$1,227,885"
169911,2014-15,5/5/2016 8:15 AM,Final,"$654,976"
169911,2015-16,8/10/2016 4:42 PM,Preliminary,"$634,067"
169911,2016-17,8/2/2016 2:27 PM,Preliminary,"$457,919"
14908,2014-15,5/5/2016 8:15 AM,Final,"$18,159"
14908,2015-16,8/10/2016 4:42 PM,Preliminary,$0
14908,2016-17,8/2/2016 2:27 PM,Preliminary,"$17,980"
203901,2014-15,5/5/2016 8:15 AM,Final,$0
203901,2015-16,8/10/2016 4:42 PM,Preliminary,$0
203901,2016-17,8/2/2016 2:27 PM,Preliminary,$0
214902,2014-15,5/5/2016 8:15 AM,Final,"$61,096"
214902,2015-16,8/10/2016 4:42 PM,Preliminary,"$47,652"
214902,2016-17,8/2/2016 2:27 PM,Preliminary,"$53,538"
105902,2014-15,5/5/2016 8:15 AM,Final,$0
105902,2015-16,8/10/2016 4:42 PM,Preliminary,$0
105902,2016-17,8/2/2016 2:27 PM,Preliminary,$0
58909,2014-15,5/5/2016 8:15 AM,Final,"$10,078,562"
58909,2015-16,8/10/2016 4:42 PM,Preliminary,"$6,912,555"
58909,2016-17,8/2/2016 2:27 PM,Preliminary,"$6,545,854"
137904,2014-15,5/5/2016 8:15 AM,Final,$0
137904,2016-17,8/2/2016 2:27 PM,Preliminary,$0
182904,2014-15,5/25/2016 9:00 AM,Final,"$34,640"
182904,2015-16,8/10/2016 4:42 PM,Preliminary,"$34,672"
182904,2016-17,8/2/2016 2:27 PM,Preliminary,"$43,432"
207901,2014-15,4/14/2016 3:54 PM,Final,"$107,631"
207901,2015-16,8/10/2016 4:42 PM,Preliminary,"$77,859"
207901,2016-17,8/2/2016 2:27 PM,Preliminary,"$22,621"
75903,2014-15,5/5/2016 8:15 AM,Final,"$21,766"
75903,2015-16,8/10/2016 4:42 PM,Preliminary,$0
75903,2016-17,8/2/2016 2:27 PM,Preliminary,"$37,011"
8902,2014-15,5/5/2016 8:15 AM,Final,$0
8902,2016-17,8/2/2016 2:27 PM,Preliminary,$0
83903,2014-15,5/5/2016 8:15 AM,Final,"$26,739,518"
83903,2015-16,8/10/2016 4:42 PM,Preliminary,"$25,832,463"
83903,2016-17,8/2/2016 2:27 PM,Preliminary,"$13,454,954"
101924,2014-15,5/5/2016 8:15 AM,Final,"$1,721,044"
101924,2015-16,8/10/2016 4:42 PM,Preliminary,"$953,540"
101924,2016-17,8/2/2016 2:27 PM,Preliminary,"$2,091,853"
143903,2014-15,4/14/2016 3:54 PM,Final,"$665,611"
143903,2015-16,8/10/2016 4:42 PM,Preliminary,"$3,111,733"
143903,2016-17,8/2/2016 2:27 PM,Preliminary,"$3,014,107"
115902,2015-16,8/10/2016 4:42 PM,Preliminary,$0
23902,2015-16,8/10/2016 4:42 PM,Preliminary,"$35,650"
49909,2014-15,4/14/2016 3:54 PM,Final,"$582,180"
49909,2015-16,8/10/2016 4:42 PM,Preliminary,"$627,005"
49909,2016-17,8/2/2016 2:27 PM,Preliminary,"$513,132"
249908,2014-15,5/5/2016 8:15 AM,Final,"$1,511,893"
249908,2015-16,8/10/2016 4:42 PM,Preliminary,"$1,472,083"
249908,2016-17,8/2/2016 2:27 PM,Preliminary,"$1,879,412"
26903,2016-17,8/2/2016 2:27 PM,Preliminary,$0
208902,2014-15,5/5/2016 8:15 AM,Final,"$13,727,040"
208902,2015-16,8/10/2016 4:42 PM,Preliminary,"$11,949,517"
208902,2016-17,8/2/2016 2:27 PM,Preliminary,"$8,532,497"
26902,2016-17,8/2/2016 2:27 PM,Preliminary,$0
218901,2014-15,5/5/2016 8:15 AM,Final,$0
218901,2015-16,8/10/2016 4:42 PM,Preliminary,$0
218901,2016-17,8/2/2016 2:27 PM,Preliminary,$0
98904,2015-16,8/10/2016 4:42 PM,Preliminary,$0
101920,2014-15,5/5/2016 8:15 AM,Final,"$7,992,117"
101920,2015-16,8/10/2016 4:42 PM,Preliminary,"$33,393,145"
101920,2016-17,8/2/2016 2:27 PM,Preliminary,"$68,250,126"
117907,2015-16,8/10/2016 4:42 PM,Preliminary,$0
63903,2014-15,5/5/2016 8:15 AM,Final,$0
63903,2015-16,8/10/2016 4:42 PM,Preliminary,$0
63903,2016-17,8/2/2016 2:27 PM,Preliminary,$0
79910,2014-15,5/5/2016 8:15 AM,Final,$0
79910,2015-16,8/10/2016 4:42 PM,Preliminary,$0
79910,2016-17,8/2/2016 2:27 PM,Preliminary,"$205,608"
156902,2014-15,5/5/2016 8:15 AM,Final,"$13,719,255"
156902,2015-16,8/10/2016 4:42 PM,Preliminary,"$13,956,598"
156902,2016-17,8/2/2016 2:27 PM,Preliminary,"$14,243,272"
167903,2014-15,11/3/2014 12:04 PM,Preliminary,$0
216901,2014-15,5/5/2016 8:15 AM,Final,"$1,677,740"
216901,2015-16,8/10/2016 4:42 PM,Preliminary,"$1,918,201"
216901,2016-17,8/2/2016 2:27 PM,Preliminary,"$1,894,605"
211902,2014-15,5/5/2016 8:15 AM,Final,"$42,810"
211902,2015-16,8/10/2016 4:42 PM,Preliminary,"$48,398"
211902,2016-17,8/2/2016 2:27 PM,Preliminary,"$50,667"
140908,2014-15,5/5/2016 8:15 AM,Final,"$259,059"
140908,2015-16,8/10/2016 4:42 PM,Preliminary,"$52,630"
140908,2016-17,8/2/2016 2:27 PM,Preliminary,"$75,020"
112910,2016-17,8/2/2016 2:27 PM,Preliminary,$0
110907,2014-15,5/27/2016 7:44 AM,Final,"$8,740,236"
110907,2015-16,8/10/2016 4:42 PM,Preliminary,"$5,422,201"
110907,2016-17,8/2/2016 2:27 PM,Preliminary,"$3,956,782"
57919,2014-15,5/5/2016 8:15 AM,Final,$0
57919,2015-16,8/10/2016 4:42 PM,Preliminary,$0
57919,2016-17,8/2/2016 2:27 PM,Preliminary,$0
171902,2014-15,5/5/2016 8:15 AM,Final,"$26,116"
171902,2015-16,8/10/2016 4:42 PM,Preliminary,$0
171902,2016-17,8/2/2016 2:27 PM,Preliminary,"$19,198"
20906,2014-15,5/5/2016 8:15 AM,Final,"$1,438,003"
20906,2015-16,8/10/2016 4:42 PM,Preliminary,"$2,362,846"
20906,2016-17,8/2/2016 2:27 PM,Preliminary,"$6,070,413"
143905,2014-15,4/14/2016 3:54 PM,Final,$0
143905,2016-17,8/2/2016 2:27 PM,Preliminary,$0
201910,2014-15,5/5/2016 8:15 AM,Final,"$1,584,097"
201910,2015-16,8/10/2016 4:42 PM,Preliminary,"$291,616"
201910,2016-17,8/2/2016 2:27 PM,Preliminary,$0
81904,2014-15,5/5/2016 8:15 AM,Final,"$625,585"
81904,2015-16,8/10/2016 4:42 PM,Preliminary,"$438,761"
81904,2016-17,8/2/2016 2:27 PM,Preliminary,"$416,829"
222901,2014-15,5/5/2016 8:15 AM,Final,"$2,279,070"
222901,2015-16,8/10/2016 4:42 PM,Preliminary,"$1,875,738"
222901,2016-17,8/2/2016 2:27 PM,Preliminary,"$1,975,896"
84906,2014-15,5/5/2016 8:15 AM,Final,$0
84906,2015-16,8/10/2016 4:42 PM,Preliminary,"$1,483,409"
84906,2016-17,8/5/2016 1:30 PM,Preliminary,"$4,137,151"
211901,2014-15,5/5/2016 8:15 AM,Final,"$81,044"
211901,2015-16,8/10/2016 4:42 PM,Preliminary,"$54,865"
211901,2016-17,8/2/2016 2:27 PM,Preliminary,"$16,873"
56902,2014-15,4/14/2016 3:54 PM,Final,"$27,972"
56902,2015-16,8/10/2016 4:42 PM,Preliminary,"$4,076"
56902,2016-17,8/2/2016 2:27 PM,Preliminary,"$17,312"
149902,2014-15,5/5/2016 8:15 AM,Final,"$17,955,191"
149902,2015-16,8/10/2016 4:42 PM,Preliminary,"$18,000,295"
149902,2016-17,8/2/2016 2:27 PM,Preliminary,"$17,224,757"
72901,2014-15,4/18/2016 2:02 PM,Final,"$3,227"
72901,2015-16,8/10/2016 4:42 PM,Preliminary,$0
72901,2016-17,8/2/2016 2:27 PM,Preliminary,"$9,935"
224901,2014-15,4/19/2016 3:19 PM,Final,$0
224901,2015-16,8/10/2016 4:42 PM,Preliminary,$0
224901,2016-17,8/2/2016 2:27 PM,Preliminary,$0
158902,2014-15,5/5/2016 8:15 AM,Final,"$3,827,666"
158902,2015-16,8/10/2016 4:42 PM,Preliminary,"$2,650,978"
158902,2016-17,8/2/2016 2:27 PM,Preliminary,"$2,626,168"
101921,2014-15,5/5/2016 8:15 AM,Final,$0
101921,2015-16,8/10/2016 4:42 PM,Preliminary,$0
101921,2016-17,8/2/2016 2:27 PM,Preliminary,"$3,721,701"
221905,2014-15,5/5/2016 8:15 AM,Final,"$8,320"
221905,2015-16,8/10/2016 4:42 PM,Preliminary,"$29,315"
221905,2016-17,8/2/2016 2:27 PM,Preliminary,"$150,645"
178912,2014-15,5/5/2016 8:15 AM,Final,"$194,465"
178912,2015-16,8/10/2016 4:42 PM,Preliminary,"$304,077"
178912,2016-17,8/2/2016 2:27 PM,Preliminary,"$364,085"
212905,2014-15,5/5/2016 8:15 AM,Final,"$127,130"
212905,2015-16,8/10/2016 4:42 PM,Preliminary,$0
212905,2016-17,8/2/2016 2:27 PM,Preliminary,"$236,087"
232904,2014-15,4/14/2016 3:54 PM,Final,"$28,195"
232904,2015-16,8/10/2016 4:42 PM,Preliminary,"$27,753"
232904,2016-17,8/2/2016 2:27 PM,Preliminary,"$33,256"
158906,2014-15,4/18/2016 2:02 PM,Final,$0
158906,2015-16,8/10/2016 4:42 PM,Preliminary,$0
158906,2016-17,8/2/2016 2:27 PM,Preliminary,"$83,991"
180902,2015-16,8/10/2016 4:42 PM,Preliminary,$0
244903,2016-17,8/2/2016 2:27 PM,Preliminary,$0
235902,2015-16,8/10/2016 4:42 PM,Preliminary,$0
143904,2014-15,4/14/2016 3:54 PM,Final,"$3,765"
143904,2016-17,8/2/2016 2:27 PM,Preliminary,$0
89905,2014-15,5/5/2016 8:15 AM,Final,"$12,542"
89905,2015-16,8/10/2016 4:42 PM,Preliminary,$0
89905,2016-17,8/2/2016 2:27 PM,Preliminary,"$11,845"
102903,2014-15,5/5/2016 8:15 AM,Final,$0
102903,2015-16,8/10/2016 4:42 PM,Preliminary,$0
184903,2014-15,5/5/2016 8:15 AM,Final,"$518,448"
184903,2015-16,8/10/2016 4:42 PM,Preliminary,"$497,609"
184903,2016-17,8/2/2016 2:27 PM,Preliminary,"$711,134"
240904,2014-15,5/5/2016 8:15 AM,Final,"$3,693,794"
240904,2015-16,8/10/2016 4:42 PM,Preliminary,"$2,313,559"
240904,2016-17,8/2/2016 2:27 PM,Preliminary,"$1,442,316"
45905,2014-15,5/5/2016 8:15 AM,Final,$0
45905,2015-16,8/10/2016 4:42 PM,Preliminary,$0
45905,2016-17,8/2/2016 2:27 PM,Preliminary,"$61,244"
223904,2014-15,5/5/2016 8:15 AM,Final,"$447,715"
223904,2015-16,8/10/2016 4:42 PM,Preliminary,"$724,521"
223904,2016-17,8/2/2016 2:27 PM,Preliminary,"$95,397"
181906,2014-15,5/5/2016 8:15 AM,Final,"$1,690,901"
181906,2015-16,8/10/2016 4:42 PM,Preliminary,"$1,732,864"
181906,2016-17,8/2/2016 2:27 PM,Preliminary,"$2,336,479"
201914,2014-15,5/5/2016 8:15 AM,Final,$0
201914,2015-16,8/10/2016 4:42 PM,Preliminary,$0
201914,2016-17,8/2/2016 2:27 PM,Preliminary,$0
201914,2014-15,5/5/2016 8:15 AM,Final,$0
201914,2015-16,8/10/2016 4:42 PM,Preliminary,$0
201914,2016-17,8/2/2016 2:27 PM,Preliminary,$0
168903,2014-15,4/14/2016 3:54 PM,Final,"$3,041,115"
168903,2015-16,8/10/2016 4:42 PM,Preliminary,"$1,755,521"
168903,2016-17,8/2/2016 2:27 PM,Preliminary,"$68,603"
62905,2014-15,4/14/2016 3:54 PM,Final,"$12,536,892"
62905,2015-16,8/10/2016 4:42 PM,Preliminary,"$9,206,986"
62905,2016-17,8/2/2016 2:27 PM,Preliminary,"$9,693,222"
73904,2014-15,4/14/2016 3:54 PM,Final,$0
73904,2016-17,8/2/2016 2:27 PM,Preliminary,$0
241904,2014-15,5/5/2016 8:15 AM,Final,$0
241904,2015-16,8/10/2016 4:42 PM,Preliminary,$0
242903,2014-15,5/5/2016 8:15 AM,Final,"$435,963"
242903,2015-16,8/10/2016 4:42 PM,Preliminary,"$976,237"
242903,2016-17,8/2/2016 2:27 PM,Preliminary,"$422,107"
33904,2014-15,5/5/2016 8:15 AM,Final,"$745,054"
33904,2015-16,8/10/2016 4:42 PM,Preliminary,"$1,429,959"
33904,2016-17,8/2/2016 2:27 PM,Preliminary,"$2,601,160"
40902,2014-15,5/5/2016 8:15 AM,Final,"$5,226,889"
40902,2015-16,8/10/2016 4:42 PM,Preliminary,"$3,019,310"
40902,2016-17,8/2/2016 2:27 PM,Preliminary,"$807,194"
91909,2016-17,8/2/2016 2:27 PM,Preliminary,"$27,957"
180904,2014-15,5/11/2016 1:53 PM,Final,"$51,992"
180904,2015-16,8/10/2016 4:42 PM,Preliminary,$0
180904,2016-17,8/2/2016 2:27 PM,Preliminary,"$20,439"
105905,2014-15,5/5/2016 8:15 AM,Final,"$2,278,111"
105905,2015-16,8/10/2016 4:42 PM,Preliminary,"$1,867,061"
105905,2016-17,8/2/2016 2:27 PM,Preliminary,"$3,561,977"
248902,2014-15,5/5/2016 8:15 AM,Final,"$10,703,362"
248902,2015-16,8/10/2016 4:42 PM,Preliminary,"$9,720,525"
248902,2016-17,8/2/2016 2:27 PM,Preliminary,"$10,557,416"
196902,2014-15,5/5/2016 8:15 AM,Final,"$22,929"
196902,2015-16,8/10/2016 4:42 PM,Preliminary,"$64,626"
196902,2016-17,8/2/2016 2:27 PM,Preliminary,"$63,469"
229903,2014-15,5/5/2016 8:15 AM,Final,$0
229903,2015-16,8/10/2016 4:42 PM,Preliminary,$0
229903,2016-17,8/2/2016 2:27 PM,Preliminary,$0
221912,2014-15,5/5/2016 8:15 AM,Final,"$32,448"
221912,2015-16,8/10/2016 4:42 PM,Preliminary,$0
221912,2016-17,8/2/2016 2:27 PM,Preliminary,"$333,907"
250905,2014-15,5/5/2016 8:15 AM,Final,"$119,399"
250905,2015-16,8/10/2016 4:42 PM,Preliminary,"$24,420"
250905,2016-17,8/2/2016 2:27 PM,Preliminary,"$28,758"
62903,2014-15,5/5/2016 8:15 AM,Final,"$200,109"
62903,2015-16,8/10/2016 4:42 PM,Preliminary,$0
62903,2016-17,8/2/2016 2:27 PM,Preliminary,$0
62904,2014-15,5/5/2016 8:15 AM,Final,"$19,111,026"
62904,2015-16,8/10/2016 4:42 PM,Preliminary,"$15,781,484"
62904,2016-17,8/2/2016 2:27 PM,Preliminary,"$16,241,261"
253901,2015-16,8/10/2016 4:42 PM,Preliminary,$0
